Copyright 1986-2022 Xilinx, Inc. All Rights Reserved. Copyright 2022-2024 Advanced Micro Devices, Inc. All Rights Reserved.
------------------------------------------------------------------------------------------------------------------------------------------------------------------------------------------------------
| Tool Version : Vivado v.2024.2 (win64) Build 5239630 Fri Nov 08 22:35:27 MST 2024
| Date         : Wed Jun 18 16:19:26 2025
| Host         : YOGA7 running 64-bit major release  (build 9200)
| Command      : report_timing_summary -max_paths 10 -report_unconstrained -file Top_timing_summary_routed.rpt -pb Top_timing_summary_routed.pb -rpx Top_timing_summary_routed.rpx -warn_on_violation
| Design       : Top
| Device       : 7a35t-cpg236
| Speed File   : -1  PRODUCTION 1.23 2018-06-13
| Design State : Routed
------------------------------------------------------------------------------------------------------------------------------------------------------------------------------------------------------

Timing Summary Report

------------------------------------------------------------------------------------------------
| Timer Settings
| --------------
------------------------------------------------------------------------------------------------

  Enable Multi Corner Analysis               :  Yes
  Enable Pessimism Removal                   :  Yes
  Pessimism Removal Resolution               :  Nearest Common Node
  Enable Input Delay Default Clock           :  No
  Enable Preset / Clear Arcs                 :  No
  Disable Flight Delays                      :  No
  Ignore I/O Paths                           :  No
  Timing Early Launch at Borrowing Latches   :  No
  Borrow Time for Max Delay Exceptions       :  Yes
  Merge Timing Exceptions                    :  Yes
  Inter-SLR Compensation                     :  Conservative

  Corner  Analyze    Analyze    
  Name    Max Paths  Min Paths  
  ------  ---------  ---------  
  Slow    Yes        Yes        
  Fast    Yes        Yes        


------------------------------------------------------------------------------------------------
| Report Methodology
| ------------------
------------------------------------------------------------------------------------------------

Rule       Severity  Description                                 Violations  
---------  --------  ------------------------------------------  ----------  
SYNTH-6    Warning   Timing of a RAM block might be sub-optimal  2           
TIMING-18  Warning   Missing input or output delay               23          

Note: This report is based on the most recent report_methodology run and may not be up-to-date. Run report_methodology on the current design for the latest report.



check_timing report

Table of Contents
-----------------
1. checking no_clock (0)
2. checking constant_clock (0)
3. checking pulse_width_clock (0)
4. checking unconstrained_internal_endpoints (0)
5. checking no_input_delay (5)
6. checking no_output_delay (18)
7. checking multiple_clock (0)
8. checking generated_clocks (0)
9. checking loops (0)
10. checking partial_input_delay (0)
11. checking partial_output_delay (0)
12. checking latch_loops (0)

1. checking no_clock (0)
------------------------
 There are 0 register/latch pins with no clock.


2. checking constant_clock (0)
------------------------------
 There are 0 register/latch pins with constant_clock.


3. checking pulse_width_clock (0)
---------------------------------
 There are 0 register/latch pins which need pulse_width check


4. checking unconstrained_internal_endpoints (0)
------------------------------------------------
 There are 0 pins that are not constrained for maximum delay.

 There are 0 pins that are not constrained for maximum delay due to constant clock.


5. checking no_input_delay (5)
------------------------------
 There are 5 input ports with no input delay specified. (HIGH)

 There are 0 input ports with no input delay but user has a false path constraint.


6. checking no_output_delay (18)
--------------------------------
 There are 18 ports with no output delay specified. (HIGH)

 There are 0 ports with no output delay but user has a false path constraint

 There are 0 ports with no output delay but with a timing clock defined on it or propagating through it


7. checking multiple_clock (0)
------------------------------
 There are 0 register/latch pins with multiple clocks.


8. checking generated_clocks (0)
--------------------------------
 There are 0 generated clocks that are not connected to a clock source.


9. checking loops (0)
---------------------
 There are 0 combinational loops in the design.


10. checking partial_input_delay (0)
------------------------------------
 There are 0 input ports with partial input delay specified.


11. checking partial_output_delay (0)
-------------------------------------
 There are 0 ports with partial output delay specified.


12. checking latch_loops (0)
----------------------------
 There are 0 combinational latch loops in the design through latch input



------------------------------------------------------------------------------------------------
| Design Timing Summary
| ---------------------
------------------------------------------------------------------------------------------------

    WNS(ns)      TNS(ns)  TNS Failing Endpoints  TNS Total Endpoints      WHS(ns)      THS(ns)  THS Failing Endpoints  THS Total Endpoints     WPWS(ns)     TPWS(ns)  TPWS Failing Endpoints  TPWS Total Endpoints  
    -------      -------  ---------------------  -------------------      -------      -------  ---------------------  -------------------     --------     --------  ----------------------  --------------------  
      0.210        0.000                      0                 3046        0.029        0.000                      0                 3046        4.020        0.000                       0                  1124  


All user specified timing constraints are met.


------------------------------------------------------------------------------------------------
| Clock Summary
| -------------
------------------------------------------------------------------------------------------------

Clock        Waveform(ns)       Period(ns)      Frequency(MHz)
-----        ------------       ----------      --------------
sys_clk_pin  {0.000 5.000}      10.000          100.000         


------------------------------------------------------------------------------------------------
| Intra Clock Table
| -----------------
------------------------------------------------------------------------------------------------

Clock             WNS(ns)      TNS(ns)  TNS Failing Endpoints  TNS Total Endpoints      WHS(ns)      THS(ns)  THS Failing Endpoints  THS Total Endpoints     WPWS(ns)     TPWS(ns)  TPWS Failing Endpoints  TPWS Total Endpoints  
-----             -------      -------  ---------------------  -------------------      -------      -------  ---------------------  -------------------     --------     --------  ----------------------  --------------------  
sys_clk_pin         0.210        0.000                      0                 3046        0.029        0.000                      0                 3046        4.020        0.000                       0                  1124  


------------------------------------------------------------------------------------------------
| Inter Clock Table
| -----------------
------------------------------------------------------------------------------------------------

From Clock    To Clock          WNS(ns)      TNS(ns)  TNS Failing Endpoints  TNS Total Endpoints      WHS(ns)      THS(ns)  THS Failing Endpoints  THS Total Endpoints  
----------    --------          -------      -------  ---------------------  -------------------      -------      -------  ---------------------  -------------------  


------------------------------------------------------------------------------------------------
| Other Path Groups Table
| -----------------------
------------------------------------------------------------------------------------------------

Path Group    From Clock    To Clock          WNS(ns)      TNS(ns)  TNS Failing Endpoints  TNS Total Endpoints      WHS(ns)      THS(ns)  THS Failing Endpoints  THS Total Endpoints  
----------    ----------    --------          -------      -------  ---------------------  -------------------      -------      -------  ---------------------  -------------------  


------------------------------------------------------------------------------------------------
| User Ignored Path Table
| -----------------------
------------------------------------------------------------------------------------------------

Path Group    From Clock    To Clock    
----------    ----------    --------    


------------------------------------------------------------------------------------------------
| Unconstrained Path Table
| ------------------------
------------------------------------------------------------------------------------------------

Path Group    From Clock    To Clock    
----------    ----------    --------    
(none)        sys_clk_pin                 
(none)                      sys_clk_pin   


------------------------------------------------------------------------------------------------
| Timing Details
| --------------
------------------------------------------------------------------------------------------------


---------------------------------------------------------------------------------------------------
From Clock:  sys_clk_pin
  To Clock:  sys_clk_pin

Setup :            0  Failing Endpoints,  Worst Slack        0.210ns,  Total Violation        0.000ns
Hold  :            0  Failing Endpoints,  Worst Slack        0.029ns,  Total Violation        0.000ns
PW    :            0  Failing Endpoints,  Worst Slack        4.020ns,  Total Violation        0.000ns
---------------------------------------------------------------------------------------------------


Max Delay Paths
--------------------------------------------------------------------------------------
Slack (MET) :             0.210ns  (required time - arrival time)
  Source:                 gameTop/gameLogic/asteroidSize_0_reg[0]/C
                            (rising edge-triggered cell FDRE clocked by sys_clk_pin  {rise@0.000ns fall@5.000ns period=10.000ns})
  Destination:            gameTop/gameLogic/closeSize_0_reg[1]/D
                            (rising edge-triggered cell FDRE clocked by sys_clk_pin  {rise@0.000ns fall@5.000ns period=10.000ns})
  Path Group:             sys_clk_pin
  Path Type:              Setup (Max at Slow Process Corner)
  Requirement:            10.000ns  (sys_clk_pin rise@10.000ns - sys_clk_pin rise@0.000ns)
  Data Path Delay:        9.600ns  (logic 3.683ns (38.366%)  route 5.917ns (61.633%))
  Logic Levels:           13  (CARRY4=5 LUT2=2 LUT3=1 LUT4=3 LUT6=2)
  Clock Path Skew:        -0.112ns (DCD - SCD + CPR)
    Destination Clock Delay (DCD):    4.775ns = ( 14.775 - 10.000 ) 
    Source Clock Delay      (SCD):    5.074ns
    Clock Pessimism Removal (CPR):    0.187ns
  Clock Uncertainty:      0.035ns  ((TSJ^2 + TIJ^2)^1/2 + DJ) / 2 + PE
    Total System Jitter     (TSJ):    0.071ns
    Total Input Jitter      (TIJ):    0.000ns
    Discrete Jitter          (DJ):    0.000ns
    Phase Error              (PE):    0.000ns

    Location             Delay type                Incr(ns)  Path(ns)    Netlist Resource(s)
  -------------------------------------------------------------------    -------------------
                         (clock sys_clk_pin rise edge)
                                                      0.000     0.000 r  
    W5                                                0.000     0.000 r  clock (IN)
                         net (fo=0)                   0.000     0.000    clock
    W5                   IBUF (Prop_ibuf_I_O)         1.458     1.458 r  clock_IBUF_inst/O
                         net (fo=1, routed)           1.967     3.425    clock_IBUF
    BUFGCTRL_X0Y0        BUFG (Prop_bufg_I_O)         0.096     3.521 r  clock_IBUF_BUFG_inst/O
                         net (fo=1123, routed)        1.553     5.074    gameTop/gameLogic/clock_IBUF_BUFG
    SLICE_X37Y54         FDRE                                         r  gameTop/gameLogic/asteroidSize_0_reg[0]/C
  -------------------------------------------------------------------    -------------------
    SLICE_X37Y54         FDRE (Prop_fdre_C_Q)         0.456     5.530 r  gameTop/gameLogic/asteroidSize_0_reg[0]/Q
                         net (fo=7, routed)           0.999     6.529    gameTop/gameLogic/asteroidSize_0_reg_n_0_[0]
    SLICE_X38Y56         LUT6 (Prop_lut6_I1_O)        0.124     6.653 r  gameTop/gameLogic/closeSize_1[0]_i_2/O
                         net (fo=18, routed)          0.691     7.344    gameTop/gameLogic/_GEN_1331[4]
    SLICE_X38Y56         LUT2 (Prop_lut2_I0_O)        0.124     7.468 r  gameTop/gameLogic/closeDX_0[5]_i_11/O
                         net (fo=8, routed)           0.736     8.204    gameTop/gameLogic/_GEN_1323[3]
    SLICE_X37Y57         LUT4 (Prop_lut4_I3_O)        0.124     8.328 r  gameTop/gameLogic/closeDY_0[7]_i_23/O
                         net (fo=1, routed)           0.000     8.328    gameTop/gameLogic/closeDY_0[7]_i_23_n_0
    SLICE_X37Y57         CARRY4 (Prop_carry4_S[2]_CO[3])
                                                      0.398     8.726 r  gameTop/gameLogic/closeDY_0_reg[7]_i_7/CO[3]
                         net (fo=1, routed)           0.000     8.726    gameTop/gameLogic/closeDY_0_reg[7]_i_7_n_0
    SLICE_X37Y58         CARRY4 (Prop_carry4_CI_O[0])
                                                      0.222     8.948 r  gameTop/gameLogic/closeDY_0_reg[8]_i_10/O[0]
                         net (fo=3, routed)           0.728     9.676    gameTop/gameLogic/centerY_1[6]
    SLICE_X37Y55         LUT4 (Prop_lut4_I0_O)        0.299     9.975 r  gameTop/gameLogic/closeDY_0[7]_i_8/O
                         net (fo=1, routed)           0.000     9.975    gameTop/gameLogic/closeDY_0[7]_i_8_n_0
    SLICE_X37Y55         CARRY4 (Prop_carry4_S[3]_CO[3])
                                                      0.401    10.376 r  gameTop/gameLogic/closeDY_0_reg[7]_i_2/CO[3]
                         net (fo=1, routed)           0.000    10.376    gameTop/gameLogic/closeDY_0_reg[7]_i_2_n_0
    SLICE_X37Y56         CARRY4 (Prop_carry4_CI_O[1])
                                                      0.334    10.710 r  gameTop/gameLogic/closeDY_0_reg[8]_i_2/O[1]
                         net (fo=7, routed)           0.481    11.191    gameTop/gameLogic/closeDY_0_reg[8]_i_2_n_6
    SLICE_X38Y55         LUT6 (Prop_lut6_I2_O)        0.303    11.494 r  gameTop/gameLogic/closeCount[1]_i_31/O
                         net (fo=1, routed)           0.329    11.823    gameTop/gameLogic/closeCount[1]_i_31_n_0
    SLICE_X36Y55         CARRY4 (Prop_carry4_DI[0]_CO[3])
                                                      0.526    12.349 r  gameTop/gameLogic/closeCount_reg[1]_i_10/CO[3]
                         net (fo=1, routed)           0.750    13.099    gameTop/gameLogic/boxCheck_10
    SLICE_X35Y56         LUT4 (Prop_lut4_I1_O)        0.124    13.223 r  gameTop/gameLogic/closeCount[1]_i_5/O
                         net (fo=3, routed)           0.384    13.607    gameTop/gameLogic/closeCount[1]_i_5_n_0
    SLICE_X34Y56         LUT2 (Prop_lut2_I0_O)        0.124    13.731 r  gameTop/gameLogic/closeSize_0[1]_i_3/O
                         net (fo=20, routed)          0.485    14.216    gameTop/gameLogic/closeSize_0[1]_i_3_n_0
    SLICE_X33Y55         LUT3 (Prop_lut3_I1_O)        0.124    14.340 r  gameTop/gameLogic/closeSize_0[1]_i_2/O
                         net (fo=1, routed)           0.333    14.673    gameTop/gameLogic/_GEN_316[1]
    SLICE_X32Y57         FDRE                                         r  gameTop/gameLogic/closeSize_0_reg[1]/D
  -------------------------------------------------------------------    -------------------

                         (clock sys_clk_pin rise edge)
                                                     10.000    10.000 r  
    W5                                                0.000    10.000 r  clock (IN)
                         net (fo=0)                   0.000    10.000    clock
    W5                   IBUF (Prop_ibuf_I_O)         1.388    11.388 r  clock_IBUF_inst/O
                         net (fo=1, routed)           1.862    13.250    clock_IBUF
    BUFGCTRL_X0Y0        BUFG (Prop_bufg_I_O)         0.091    13.341 r  clock_IBUF_BUFG_inst/O
                         net (fo=1123, routed)        1.434    14.775    gameTop/gameLogic/clock_IBUF_BUFG
    SLICE_X32Y57         FDRE                                         r  gameTop/gameLogic/closeSize_0_reg[1]/C
                         clock pessimism              0.187    14.962    
                         clock uncertainty           -0.035    14.926    
    SLICE_X32Y57         FDRE (Setup_fdre_C_D)       -0.043    14.883    gameTop/gameLogic/closeSize_0_reg[1]
  -------------------------------------------------------------------
                         required time                         14.883    
                         arrival time                         -14.673    
  -------------------------------------------------------------------
                         slack                                  0.210    

Slack (MET) :             0.216ns  (required time - arrival time)
  Source:                 gameTop/gameLogic/asteroidSize_0_reg[0]/C
                            (rising edge-triggered cell FDRE clocked by sys_clk_pin  {rise@0.000ns fall@5.000ns period=10.000ns})
  Destination:            gameTop/gameLogic/closeDX_1_reg[5]/CE
                            (rising edge-triggered cell FDRE clocked by sys_clk_pin  {rise@0.000ns fall@5.000ns period=10.000ns})
  Path Group:             sys_clk_pin
  Path Type:              Setup (Max at Slow Process Corner)
  Requirement:            10.000ns  (sys_clk_pin rise@10.000ns - sys_clk_pin rise@0.000ns)
  Data Path Delay:        9.431ns  (logic 3.683ns (39.052%)  route 5.748ns (60.948%))
  Logic Levels:           13  (CARRY4=5 LUT2=1 LUT4=4 LUT5=1 LUT6=2)
  Clock Path Skew:        -0.112ns (DCD - SCD + CPR)
    Destination Clock Delay (DCD):    4.775ns = ( 14.775 - 10.000 ) 
    Source Clock Delay      (SCD):    5.074ns
    Clock Pessimism Removal (CPR):    0.187ns
  Clock Uncertainty:      0.035ns  ((TSJ^2 + TIJ^2)^1/2 + DJ) / 2 + PE
    Total System Jitter     (TSJ):    0.071ns
    Total Input Jitter      (TIJ):    0.000ns
    Discrete Jitter          (DJ):    0.000ns
    Phase Error              (PE):    0.000ns

    Location             Delay type                Incr(ns)  Path(ns)    Netlist Resource(s)
  -------------------------------------------------------------------    -------------------
                         (clock sys_clk_pin rise edge)
                                                      0.000     0.000 r  
    W5                                                0.000     0.000 r  clock (IN)
                         net (fo=0)                   0.000     0.000    clock
    W5                   IBUF (Prop_ibuf_I_O)         1.458     1.458 r  clock_IBUF_inst/O
                         net (fo=1, routed)           1.967     3.425    clock_IBUF
    BUFGCTRL_X0Y0        BUFG (Prop_bufg_I_O)         0.096     3.521 r  clock_IBUF_BUFG_inst/O
                         net (fo=1123, routed)        1.553     5.074    gameTop/gameLogic/clock_IBUF_BUFG
    SLICE_X37Y54         FDRE                                         r  gameTop/gameLogic/asteroidSize_0_reg[0]/C
  -------------------------------------------------------------------    -------------------
    SLICE_X37Y54         FDRE (Prop_fdre_C_Q)         0.456     5.530 r  gameTop/gameLogic/asteroidSize_0_reg[0]/Q
                         net (fo=7, routed)           0.999     6.529    gameTop/gameLogic/asteroidSize_0_reg_n_0_[0]
    SLICE_X38Y56         LUT6 (Prop_lut6_I1_O)        0.124     6.653 r  gameTop/gameLogic/closeSize_1[0]_i_2/O
                         net (fo=18, routed)          0.691     7.344    gameTop/gameLogic/_GEN_1331[4]
    SLICE_X38Y56         LUT2 (Prop_lut2_I0_O)        0.124     7.468 r  gameTop/gameLogic/closeDX_0[5]_i_11/O
                         net (fo=8, routed)           0.736     8.204    gameTop/gameLogic/_GEN_1323[3]
    SLICE_X37Y57         LUT4 (Prop_lut4_I3_O)        0.124     8.328 r  gameTop/gameLogic/closeDY_0[7]_i_23/O
                         net (fo=1, routed)           0.000     8.328    gameTop/gameLogic/closeDY_0[7]_i_23_n_0
    SLICE_X37Y57         CARRY4 (Prop_carry4_S[2]_CO[3])
                                                      0.398     8.726 r  gameTop/gameLogic/closeDY_0_reg[7]_i_7/CO[3]
                         net (fo=1, routed)           0.000     8.726    gameTop/gameLogic/closeDY_0_reg[7]_i_7_n_0
    SLICE_X37Y58         CARRY4 (Prop_carry4_CI_O[0])
                                                      0.222     8.948 r  gameTop/gameLogic/closeDY_0_reg[8]_i_10/O[0]
                         net (fo=3, routed)           0.728     9.676    gameTop/gameLogic/centerY_1[6]
    SLICE_X37Y55         LUT4 (Prop_lut4_I0_O)        0.299     9.975 r  gameTop/gameLogic/closeDY_0[7]_i_8/O
                         net (fo=1, routed)           0.000     9.975    gameTop/gameLogic/closeDY_0[7]_i_8_n_0
    SLICE_X37Y55         CARRY4 (Prop_carry4_S[3]_CO[3])
                                                      0.401    10.376 r  gameTop/gameLogic/closeDY_0_reg[7]_i_2/CO[3]
                         net (fo=1, routed)           0.000    10.376    gameTop/gameLogic/closeDY_0_reg[7]_i_2_n_0
    SLICE_X37Y56         CARRY4 (Prop_carry4_CI_O[1])
                                                      0.334    10.710 r  gameTop/gameLogic/closeDY_0_reg[8]_i_2/O[1]
                         net (fo=7, routed)           0.481    11.191    gameTop/gameLogic/closeDY_0_reg[8]_i_2_n_6
    SLICE_X38Y55         LUT6 (Prop_lut6_I2_O)        0.303    11.494 r  gameTop/gameLogic/closeCount[1]_i_31/O
                         net (fo=1, routed)           0.329    11.823    gameTop/gameLogic/closeCount[1]_i_31_n_0
    SLICE_X36Y55         CARRY4 (Prop_carry4_DI[0]_CO[3])
                                                      0.526    12.349 r  gameTop/gameLogic/closeCount_reg[1]_i_10/CO[3]
                         net (fo=1, routed)           0.750    13.099    gameTop/gameLogic/boxCheck_10
    SLICE_X35Y56         LUT4 (Prop_lut4_I1_O)        0.124    13.223 r  gameTop/gameLogic/closeCount[1]_i_5/O
                         net (fo=3, routed)           0.326    13.549    gameTop/gameLogic/closeCount[1]_i_5_n_0
    SLICE_X31Y56         LUT5 (Prop_lut5_I3_O)        0.124    13.673 f  gameTop/gameLogic/closeCount[1]_i_3/O
                         net (fo=4, routed)           0.184    13.856    gameTop/gameLogic/closeCount[1]_i_3_n_0
    SLICE_X31Y56         LUT4 (Prop_lut4_I3_O)        0.124    13.980 r  gameTop/gameLogic/closeSize_1[1]_i_1/O
                         net (fo=20, routed)          0.524    14.505    gameTop/gameLogic/closeDX_1
    SLICE_X31Y58         FDRE                                         r  gameTop/gameLogic/closeDX_1_reg[5]/CE
  -------------------------------------------------------------------    -------------------

                         (clock sys_clk_pin rise edge)
                                                     10.000    10.000 r  
    W5                                                0.000    10.000 r  clock (IN)
                         net (fo=0)                   0.000    10.000    clock
    W5                   IBUF (Prop_ibuf_I_O)         1.388    11.388 r  clock_IBUF_inst/O
                         net (fo=1, routed)           1.862    13.250    clock_IBUF
    BUFGCTRL_X0Y0        BUFG (Prop_bufg_I_O)         0.091    13.341 r  clock_IBUF_BUFG_inst/O
                         net (fo=1123, routed)        1.434    14.775    gameTop/gameLogic/clock_IBUF_BUFG
    SLICE_X31Y58         FDRE                                         r  gameTop/gameLogic/closeDX_1_reg[5]/C
                         clock pessimism              0.187    14.962    
                         clock uncertainty           -0.035    14.926    
    SLICE_X31Y58         FDRE (Setup_fdre_C_CE)      -0.205    14.721    gameTop/gameLogic/closeDX_1_reg[5]
  -------------------------------------------------------------------
                         required time                         14.721    
                         arrival time                         -14.505    
  -------------------------------------------------------------------
                         slack                                  0.216    

Slack (MET) :             0.227ns  (required time - arrival time)
  Source:                 gameTop/gameLogic/asteroidSize_0_reg[0]/C
                            (rising edge-triggered cell FDRE clocked by sys_clk_pin  {rise@0.000ns fall@5.000ns period=10.000ns})
  Destination:            gameTop/gameLogic/closeDX_1_reg[3]/CE
                            (rising edge-triggered cell FDRE clocked by sys_clk_pin  {rise@0.000ns fall@5.000ns period=10.000ns})
  Path Group:             sys_clk_pin
  Path Type:              Setup (Max at Slow Process Corner)
  Requirement:            10.000ns  (sys_clk_pin rise@10.000ns - sys_clk_pin rise@0.000ns)
  Data Path Delay:        9.422ns  (logic 3.683ns (39.090%)  route 5.739ns (60.910%))
  Logic Levels:           13  (CARRY4=5 LUT2=1 LUT4=4 LUT5=1 LUT6=2)
  Clock Path Skew:        -0.111ns (DCD - SCD + CPR)
    Destination Clock Delay (DCD):    4.776ns = ( 14.776 - 10.000 ) 
    Source Clock Delay      (SCD):    5.074ns
    Clock Pessimism Removal (CPR):    0.187ns
  Clock Uncertainty:      0.035ns  ((TSJ^2 + TIJ^2)^1/2 + DJ) / 2 + PE
    Total System Jitter     (TSJ):    0.071ns
    Total Input Jitter      (TIJ):    0.000ns
    Discrete Jitter          (DJ):    0.000ns
    Phase Error              (PE):    0.000ns

    Location             Delay type                Incr(ns)  Path(ns)    Netlist Resource(s)
  -------------------------------------------------------------------    -------------------
                         (clock sys_clk_pin rise edge)
                                                      0.000     0.000 r  
    W5                                                0.000     0.000 r  clock (IN)
                         net (fo=0)                   0.000     0.000    clock
    W5                   IBUF (Prop_ibuf_I_O)         1.458     1.458 r  clock_IBUF_inst/O
                         net (fo=1, routed)           1.967     3.425    clock_IBUF
    BUFGCTRL_X0Y0        BUFG (Prop_bufg_I_O)         0.096     3.521 r  clock_IBUF_BUFG_inst/O
                         net (fo=1123, routed)        1.553     5.074    gameTop/gameLogic/clock_IBUF_BUFG
    SLICE_X37Y54         FDRE                                         r  gameTop/gameLogic/asteroidSize_0_reg[0]/C
  -------------------------------------------------------------------    -------------------
    SLICE_X37Y54         FDRE (Prop_fdre_C_Q)         0.456     5.530 r  gameTop/gameLogic/asteroidSize_0_reg[0]/Q
                         net (fo=7, routed)           0.999     6.529    gameTop/gameLogic/asteroidSize_0_reg_n_0_[0]
    SLICE_X38Y56         LUT6 (Prop_lut6_I1_O)        0.124     6.653 r  gameTop/gameLogic/closeSize_1[0]_i_2/O
                         net (fo=18, routed)          0.691     7.344    gameTop/gameLogic/_GEN_1331[4]
    SLICE_X38Y56         LUT2 (Prop_lut2_I0_O)        0.124     7.468 r  gameTop/gameLogic/closeDX_0[5]_i_11/O
                         net (fo=8, routed)           0.736     8.204    gameTop/gameLogic/_GEN_1323[3]
    SLICE_X37Y57         LUT4 (Prop_lut4_I3_O)        0.124     8.328 r  gameTop/gameLogic/closeDY_0[7]_i_23/O
                         net (fo=1, routed)           0.000     8.328    gameTop/gameLogic/closeDY_0[7]_i_23_n_0
    SLICE_X37Y57         CARRY4 (Prop_carry4_S[2]_CO[3])
                                                      0.398     8.726 r  gameTop/gameLogic/closeDY_0_reg[7]_i_7/CO[3]
                         net (fo=1, routed)           0.000     8.726    gameTop/gameLogic/closeDY_0_reg[7]_i_7_n_0
    SLICE_X37Y58         CARRY4 (Prop_carry4_CI_O[0])
                                                      0.222     8.948 r  gameTop/gameLogic/closeDY_0_reg[8]_i_10/O[0]
                         net (fo=3, routed)           0.728     9.676    gameTop/gameLogic/centerY_1[6]
    SLICE_X37Y55         LUT4 (Prop_lut4_I0_O)        0.299     9.975 r  gameTop/gameLogic/closeDY_0[7]_i_8/O
                         net (fo=1, routed)           0.000     9.975    gameTop/gameLogic/closeDY_0[7]_i_8_n_0
    SLICE_X37Y55         CARRY4 (Prop_carry4_S[3]_CO[3])
                                                      0.401    10.376 r  gameTop/gameLogic/closeDY_0_reg[7]_i_2/CO[3]
                         net (fo=1, routed)           0.000    10.376    gameTop/gameLogic/closeDY_0_reg[7]_i_2_n_0
    SLICE_X37Y56         CARRY4 (Prop_carry4_CI_O[1])
                                                      0.334    10.710 r  gameTop/gameLogic/closeDY_0_reg[8]_i_2/O[1]
                         net (fo=7, routed)           0.481    11.191    gameTop/gameLogic/closeDY_0_reg[8]_i_2_n_6
    SLICE_X38Y55         LUT6 (Prop_lut6_I2_O)        0.303    11.494 r  gameTop/gameLogic/closeCount[1]_i_31/O
                         net (fo=1, routed)           0.329    11.823    gameTop/gameLogic/closeCount[1]_i_31_n_0
    SLICE_X36Y55         CARRY4 (Prop_carry4_DI[0]_CO[3])
                                                      0.526    12.349 r  gameTop/gameLogic/closeCount_reg[1]_i_10/CO[3]
                         net (fo=1, routed)           0.750    13.099    gameTop/gameLogic/boxCheck_10
    SLICE_X35Y56         LUT4 (Prop_lut4_I1_O)        0.124    13.223 r  gameTop/gameLogic/closeCount[1]_i_5/O
                         net (fo=3, routed)           0.326    13.549    gameTop/gameLogic/closeCount[1]_i_5_n_0
    SLICE_X31Y56         LUT5 (Prop_lut5_I3_O)        0.124    13.673 f  gameTop/gameLogic/closeCount[1]_i_3/O
                         net (fo=4, routed)           0.184    13.856    gameTop/gameLogic/closeCount[1]_i_3_n_0
    SLICE_X31Y56         LUT4 (Prop_lut4_I3_O)        0.124    13.980 r  gameTop/gameLogic/closeSize_1[1]_i_1/O
                         net (fo=20, routed)          0.515    14.496    gameTop/gameLogic/closeDX_1
    SLICE_X32Y56         FDRE                                         r  gameTop/gameLogic/closeDX_1_reg[3]/CE
  -------------------------------------------------------------------    -------------------

                         (clock sys_clk_pin rise edge)
                                                     10.000    10.000 r  
    W5                                                0.000    10.000 r  clock (IN)
                         net (fo=0)                   0.000    10.000    clock
    W5                   IBUF (Prop_ibuf_I_O)         1.388    11.388 r  clock_IBUF_inst/O
                         net (fo=1, routed)           1.862    13.250    clock_IBUF
    BUFGCTRL_X0Y0        BUFG (Prop_bufg_I_O)         0.091    13.341 r  clock_IBUF_BUFG_inst/O
                         net (fo=1123, routed)        1.435    14.776    gameTop/gameLogic/clock_IBUF_BUFG
    SLICE_X32Y56         FDRE                                         r  gameTop/gameLogic/closeDX_1_reg[3]/C
                         clock pessimism              0.187    14.963    
                         clock uncertainty           -0.035    14.927    
    SLICE_X32Y56         FDRE (Setup_fdre_C_CE)      -0.205    14.722    gameTop/gameLogic/closeDX_1_reg[3]
  -------------------------------------------------------------------
                         required time                         14.722    
                         arrival time                         -14.496    
  -------------------------------------------------------------------
                         slack                                  0.227    

Slack (MET) :             0.227ns  (required time - arrival time)
  Source:                 gameTop/gameLogic/asteroidSize_0_reg[0]/C
                            (rising edge-triggered cell FDRE clocked by sys_clk_pin  {rise@0.000ns fall@5.000ns period=10.000ns})
  Destination:            gameTop/gameLogic/closeDX_1_reg[4]/CE
                            (rising edge-triggered cell FDRE clocked by sys_clk_pin  {rise@0.000ns fall@5.000ns period=10.000ns})
  Path Group:             sys_clk_pin
  Path Type:              Setup (Max at Slow Process Corner)
  Requirement:            10.000ns  (sys_clk_pin rise@10.000ns - sys_clk_pin rise@0.000ns)
  Data Path Delay:        9.422ns  (logic 3.683ns (39.090%)  route 5.739ns (60.910%))
  Logic Levels:           13  (CARRY4=5 LUT2=1 LUT4=4 LUT5=1 LUT6=2)
  Clock Path Skew:        -0.111ns (DCD - SCD + CPR)
    Destination Clock Delay (DCD):    4.776ns = ( 14.776 - 10.000 ) 
    Source Clock Delay      (SCD):    5.074ns
    Clock Pessimism Removal (CPR):    0.187ns
  Clock Uncertainty:      0.035ns  ((TSJ^2 + TIJ^2)^1/2 + DJ) / 2 + PE
    Total System Jitter     (TSJ):    0.071ns
    Total Input Jitter      (TIJ):    0.000ns
    Discrete Jitter          (DJ):    0.000ns
    Phase Error              (PE):    0.000ns

    Location             Delay type                Incr(ns)  Path(ns)    Netlist Resource(s)
  -------------------------------------------------------------------    -------------------
                         (clock sys_clk_pin rise edge)
                                                      0.000     0.000 r  
    W5                                                0.000     0.000 r  clock (IN)
                         net (fo=0)                   0.000     0.000    clock
    W5                   IBUF (Prop_ibuf_I_O)         1.458     1.458 r  clock_IBUF_inst/O
                         net (fo=1, routed)           1.967     3.425    clock_IBUF
    BUFGCTRL_X0Y0        BUFG (Prop_bufg_I_O)         0.096     3.521 r  clock_IBUF_BUFG_inst/O
                         net (fo=1123, routed)        1.553     5.074    gameTop/gameLogic/clock_IBUF_BUFG
    SLICE_X37Y54         FDRE                                         r  gameTop/gameLogic/asteroidSize_0_reg[0]/C
  -------------------------------------------------------------------    -------------------
    SLICE_X37Y54         FDRE (Prop_fdre_C_Q)         0.456     5.530 r  gameTop/gameLogic/asteroidSize_0_reg[0]/Q
                         net (fo=7, routed)           0.999     6.529    gameTop/gameLogic/asteroidSize_0_reg_n_0_[0]
    SLICE_X38Y56         LUT6 (Prop_lut6_I1_O)        0.124     6.653 r  gameTop/gameLogic/closeSize_1[0]_i_2/O
                         net (fo=18, routed)          0.691     7.344    gameTop/gameLogic/_GEN_1331[4]
    SLICE_X38Y56         LUT2 (Prop_lut2_I0_O)        0.124     7.468 r  gameTop/gameLogic/closeDX_0[5]_i_11/O
                         net (fo=8, routed)           0.736     8.204    gameTop/gameLogic/_GEN_1323[3]
    SLICE_X37Y57         LUT4 (Prop_lut4_I3_O)        0.124     8.328 r  gameTop/gameLogic/closeDY_0[7]_i_23/O
                         net (fo=1, routed)           0.000     8.328    gameTop/gameLogic/closeDY_0[7]_i_23_n_0
    SLICE_X37Y57         CARRY4 (Prop_carry4_S[2]_CO[3])
                                                      0.398     8.726 r  gameTop/gameLogic/closeDY_0_reg[7]_i_7/CO[3]
                         net (fo=1, routed)           0.000     8.726    gameTop/gameLogic/closeDY_0_reg[7]_i_7_n_0
    SLICE_X37Y58         CARRY4 (Prop_carry4_CI_O[0])
                                                      0.222     8.948 r  gameTop/gameLogic/closeDY_0_reg[8]_i_10/O[0]
                         net (fo=3, routed)           0.728     9.676    gameTop/gameLogic/centerY_1[6]
    SLICE_X37Y55         LUT4 (Prop_lut4_I0_O)        0.299     9.975 r  gameTop/gameLogic/closeDY_0[7]_i_8/O
                         net (fo=1, routed)           0.000     9.975    gameTop/gameLogic/closeDY_0[7]_i_8_n_0
    SLICE_X37Y55         CARRY4 (Prop_carry4_S[3]_CO[3])
                                                      0.401    10.376 r  gameTop/gameLogic/closeDY_0_reg[7]_i_2/CO[3]
                         net (fo=1, routed)           0.000    10.376    gameTop/gameLogic/closeDY_0_reg[7]_i_2_n_0
    SLICE_X37Y56         CARRY4 (Prop_carry4_CI_O[1])
                                                      0.334    10.710 r  gameTop/gameLogic/closeDY_0_reg[8]_i_2/O[1]
                         net (fo=7, routed)           0.481    11.191    gameTop/gameLogic/closeDY_0_reg[8]_i_2_n_6
    SLICE_X38Y55         LUT6 (Prop_lut6_I2_O)        0.303    11.494 r  gameTop/gameLogic/closeCount[1]_i_31/O
                         net (fo=1, routed)           0.329    11.823    gameTop/gameLogic/closeCount[1]_i_31_n_0
    SLICE_X36Y55         CARRY4 (Prop_carry4_DI[0]_CO[3])
                                                      0.526    12.349 r  gameTop/gameLogic/closeCount_reg[1]_i_10/CO[3]
                         net (fo=1, routed)           0.750    13.099    gameTop/gameLogic/boxCheck_10
    SLICE_X35Y56         LUT4 (Prop_lut4_I1_O)        0.124    13.223 r  gameTop/gameLogic/closeCount[1]_i_5/O
                         net (fo=3, routed)           0.326    13.549    gameTop/gameLogic/closeCount[1]_i_5_n_0
    SLICE_X31Y56         LUT5 (Prop_lut5_I3_O)        0.124    13.673 f  gameTop/gameLogic/closeCount[1]_i_3/O
                         net (fo=4, routed)           0.184    13.856    gameTop/gameLogic/closeCount[1]_i_3_n_0
    SLICE_X31Y56         LUT4 (Prop_lut4_I3_O)        0.124    13.980 r  gameTop/gameLogic/closeSize_1[1]_i_1/O
                         net (fo=20, routed)          0.515    14.496    gameTop/gameLogic/closeDX_1
    SLICE_X32Y56         FDRE                                         r  gameTop/gameLogic/closeDX_1_reg[4]/CE
  -------------------------------------------------------------------    -------------------

                         (clock sys_clk_pin rise edge)
                                                     10.000    10.000 r  
    W5                                                0.000    10.000 r  clock (IN)
                         net (fo=0)                   0.000    10.000    clock
    W5                   IBUF (Prop_ibuf_I_O)         1.388    11.388 r  clock_IBUF_inst/O
                         net (fo=1, routed)           1.862    13.250    clock_IBUF
    BUFGCTRL_X0Y0        BUFG (Prop_bufg_I_O)         0.091    13.341 r  clock_IBUF_BUFG_inst/O
                         net (fo=1123, routed)        1.435    14.776    gameTop/gameLogic/clock_IBUF_BUFG
    SLICE_X32Y56         FDRE                                         r  gameTop/gameLogic/closeDX_1_reg[4]/C
                         clock pessimism              0.187    14.963    
                         clock uncertainty           -0.035    14.927    
    SLICE_X32Y56         FDRE (Setup_fdre_C_CE)      -0.205    14.722    gameTop/gameLogic/closeDX_1_reg[4]
  -------------------------------------------------------------------
                         required time                         14.722    
                         arrival time                         -14.496    
  -------------------------------------------------------------------
                         slack                                  0.227    

Slack (MET) :             0.227ns  (required time - arrival time)
  Source:                 gameTop/gameLogic/asteroidSize_0_reg[0]/C
                            (rising edge-triggered cell FDRE clocked by sys_clk_pin  {rise@0.000ns fall@5.000ns period=10.000ns})
  Destination:            gameTop/gameLogic/closeDX_1_reg[7]/CE
                            (rising edge-triggered cell FDRE clocked by sys_clk_pin  {rise@0.000ns fall@5.000ns period=10.000ns})
  Path Group:             sys_clk_pin
  Path Type:              Setup (Max at Slow Process Corner)
  Requirement:            10.000ns  (sys_clk_pin rise@10.000ns - sys_clk_pin rise@0.000ns)
  Data Path Delay:        9.422ns  (logic 3.683ns (39.090%)  route 5.739ns (60.910%))
  Logic Levels:           13  (CARRY4=5 LUT2=1 LUT4=4 LUT5=1 LUT6=2)
  Clock Path Skew:        -0.111ns (DCD - SCD + CPR)
    Destination Clock Delay (DCD):    4.776ns = ( 14.776 - 10.000 ) 
    Source Clock Delay      (SCD):    5.074ns
    Clock Pessimism Removal (CPR):    0.187ns
  Clock Uncertainty:      0.035ns  ((TSJ^2 + TIJ^2)^1/2 + DJ) / 2 + PE
    Total System Jitter     (TSJ):    0.071ns
    Total Input Jitter      (TIJ):    0.000ns
    Discrete Jitter          (DJ):    0.000ns
    Phase Error              (PE):    0.000ns

    Location             Delay type                Incr(ns)  Path(ns)    Netlist Resource(s)
  -------------------------------------------------------------------    -------------------
                         (clock sys_clk_pin rise edge)
                                                      0.000     0.000 r  
    W5                                                0.000     0.000 r  clock (IN)
                         net (fo=0)                   0.000     0.000    clock
    W5                   IBUF (Prop_ibuf_I_O)         1.458     1.458 r  clock_IBUF_inst/O
                         net (fo=1, routed)           1.967     3.425    clock_IBUF
    BUFGCTRL_X0Y0        BUFG (Prop_bufg_I_O)         0.096     3.521 r  clock_IBUF_BUFG_inst/O
                         net (fo=1123, routed)        1.553     5.074    gameTop/gameLogic/clock_IBUF_BUFG
    SLICE_X37Y54         FDRE                                         r  gameTop/gameLogic/asteroidSize_0_reg[0]/C
  -------------------------------------------------------------------    -------------------
    SLICE_X37Y54         FDRE (Prop_fdre_C_Q)         0.456     5.530 r  gameTop/gameLogic/asteroidSize_0_reg[0]/Q
                         net (fo=7, routed)           0.999     6.529    gameTop/gameLogic/asteroidSize_0_reg_n_0_[0]
    SLICE_X38Y56         LUT6 (Prop_lut6_I1_O)        0.124     6.653 r  gameTop/gameLogic/closeSize_1[0]_i_2/O
                         net (fo=18, routed)          0.691     7.344    gameTop/gameLogic/_GEN_1331[4]
    SLICE_X38Y56         LUT2 (Prop_lut2_I0_O)        0.124     7.468 r  gameTop/gameLogic/closeDX_0[5]_i_11/O
                         net (fo=8, routed)           0.736     8.204    gameTop/gameLogic/_GEN_1323[3]
    SLICE_X37Y57         LUT4 (Prop_lut4_I3_O)        0.124     8.328 r  gameTop/gameLogic/closeDY_0[7]_i_23/O
                         net (fo=1, routed)           0.000     8.328    gameTop/gameLogic/closeDY_0[7]_i_23_n_0
    SLICE_X37Y57         CARRY4 (Prop_carry4_S[2]_CO[3])
                                                      0.398     8.726 r  gameTop/gameLogic/closeDY_0_reg[7]_i_7/CO[3]
                         net (fo=1, routed)           0.000     8.726    gameTop/gameLogic/closeDY_0_reg[7]_i_7_n_0
    SLICE_X37Y58         CARRY4 (Prop_carry4_CI_O[0])
                                                      0.222     8.948 r  gameTop/gameLogic/closeDY_0_reg[8]_i_10/O[0]
                         net (fo=3, routed)           0.728     9.676    gameTop/gameLogic/centerY_1[6]
    SLICE_X37Y55         LUT4 (Prop_lut4_I0_O)        0.299     9.975 r  gameTop/gameLogic/closeDY_0[7]_i_8/O
                         net (fo=1, routed)           0.000     9.975    gameTop/gameLogic/closeDY_0[7]_i_8_n_0
    SLICE_X37Y55         CARRY4 (Prop_carry4_S[3]_CO[3])
                                                      0.401    10.376 r  gameTop/gameLogic/closeDY_0_reg[7]_i_2/CO[3]
                         net (fo=1, routed)           0.000    10.376    gameTop/gameLogic/closeDY_0_reg[7]_i_2_n_0
    SLICE_X37Y56         CARRY4 (Prop_carry4_CI_O[1])
                                                      0.334    10.710 r  gameTop/gameLogic/closeDY_0_reg[8]_i_2/O[1]
                         net (fo=7, routed)           0.481    11.191    gameTop/gameLogic/closeDY_0_reg[8]_i_2_n_6
    SLICE_X38Y55         LUT6 (Prop_lut6_I2_O)        0.303    11.494 r  gameTop/gameLogic/closeCount[1]_i_31/O
                         net (fo=1, routed)           0.329    11.823    gameTop/gameLogic/closeCount[1]_i_31_n_0
    SLICE_X36Y55         CARRY4 (Prop_carry4_DI[0]_CO[3])
                                                      0.526    12.349 r  gameTop/gameLogic/closeCount_reg[1]_i_10/CO[3]
                         net (fo=1, routed)           0.750    13.099    gameTop/gameLogic/boxCheck_10
    SLICE_X35Y56         LUT4 (Prop_lut4_I1_O)        0.124    13.223 r  gameTop/gameLogic/closeCount[1]_i_5/O
                         net (fo=3, routed)           0.326    13.549    gameTop/gameLogic/closeCount[1]_i_5_n_0
    SLICE_X31Y56         LUT5 (Prop_lut5_I3_O)        0.124    13.673 f  gameTop/gameLogic/closeCount[1]_i_3/O
                         net (fo=4, routed)           0.184    13.856    gameTop/gameLogic/closeCount[1]_i_3_n_0
    SLICE_X31Y56         LUT4 (Prop_lut4_I3_O)        0.124    13.980 r  gameTop/gameLogic/closeSize_1[1]_i_1/O
                         net (fo=20, routed)          0.515    14.496    gameTop/gameLogic/closeDX_1
    SLICE_X32Y56         FDRE                                         r  gameTop/gameLogic/closeDX_1_reg[7]/CE
  -------------------------------------------------------------------    -------------------

                         (clock sys_clk_pin rise edge)
                                                     10.000    10.000 r  
    W5                                                0.000    10.000 r  clock (IN)
                         net (fo=0)                   0.000    10.000    clock
    W5                   IBUF (Prop_ibuf_I_O)         1.388    11.388 r  clock_IBUF_inst/O
                         net (fo=1, routed)           1.862    13.250    clock_IBUF
    BUFGCTRL_X0Y0        BUFG (Prop_bufg_I_O)         0.091    13.341 r  clock_IBUF_BUFG_inst/O
                         net (fo=1123, routed)        1.435    14.776    gameTop/gameLogic/clock_IBUF_BUFG
    SLICE_X32Y56         FDRE                                         r  gameTop/gameLogic/closeDX_1_reg[7]/C
                         clock pessimism              0.187    14.963    
                         clock uncertainty           -0.035    14.927    
    SLICE_X32Y56         FDRE (Setup_fdre_C_CE)      -0.205    14.722    gameTop/gameLogic/closeDX_1_reg[7]
  -------------------------------------------------------------------
                         required time                         14.722    
                         arrival time                         -14.496    
  -------------------------------------------------------------------
                         slack                                  0.227    

Slack (MET) :             0.227ns  (required time - arrival time)
  Source:                 gameTop/gameLogic/asteroidSize_0_reg[0]/C
                            (rising edge-triggered cell FDRE clocked by sys_clk_pin  {rise@0.000ns fall@5.000ns period=10.000ns})
  Destination:            gameTop/gameLogic/closeDY_1_reg[0]/CE
                            (rising edge-triggered cell FDRE clocked by sys_clk_pin  {rise@0.000ns fall@5.000ns period=10.000ns})
  Path Group:             sys_clk_pin
  Path Type:              Setup (Max at Slow Process Corner)
  Requirement:            10.000ns  (sys_clk_pin rise@10.000ns - sys_clk_pin rise@0.000ns)
  Data Path Delay:        9.422ns  (logic 3.683ns (39.090%)  route 5.739ns (60.910%))
  Logic Levels:           13  (CARRY4=5 LUT2=1 LUT4=4 LUT5=1 LUT6=2)
  Clock Path Skew:        -0.111ns (DCD - SCD + CPR)
    Destination Clock Delay (DCD):    4.776ns = ( 14.776 - 10.000 ) 
    Source Clock Delay      (SCD):    5.074ns
    Clock Pessimism Removal (CPR):    0.187ns
  Clock Uncertainty:      0.035ns  ((TSJ^2 + TIJ^2)^1/2 + DJ) / 2 + PE
    Total System Jitter     (TSJ):    0.071ns
    Total Input Jitter      (TIJ):    0.000ns
    Discrete Jitter          (DJ):    0.000ns
    Phase Error              (PE):    0.000ns

    Location             Delay type                Incr(ns)  Path(ns)    Netlist Resource(s)
  -------------------------------------------------------------------    -------------------
                         (clock sys_clk_pin rise edge)
                                                      0.000     0.000 r  
    W5                                                0.000     0.000 r  clock (IN)
                         net (fo=0)                   0.000     0.000    clock
    W5                   IBUF (Prop_ibuf_I_O)         1.458     1.458 r  clock_IBUF_inst/O
                         net (fo=1, routed)           1.967     3.425    clock_IBUF
    BUFGCTRL_X0Y0        BUFG (Prop_bufg_I_O)         0.096     3.521 r  clock_IBUF_BUFG_inst/O
                         net (fo=1123, routed)        1.553     5.074    gameTop/gameLogic/clock_IBUF_BUFG
    SLICE_X37Y54         FDRE                                         r  gameTop/gameLogic/asteroidSize_0_reg[0]/C
  -------------------------------------------------------------------    -------------------
    SLICE_X37Y54         FDRE (Prop_fdre_C_Q)         0.456     5.530 r  gameTop/gameLogic/asteroidSize_0_reg[0]/Q
                         net (fo=7, routed)           0.999     6.529    gameTop/gameLogic/asteroidSize_0_reg_n_0_[0]
    SLICE_X38Y56         LUT6 (Prop_lut6_I1_O)        0.124     6.653 r  gameTop/gameLogic/closeSize_1[0]_i_2/O
                         net (fo=18, routed)          0.691     7.344    gameTop/gameLogic/_GEN_1331[4]
    SLICE_X38Y56         LUT2 (Prop_lut2_I0_O)        0.124     7.468 r  gameTop/gameLogic/closeDX_0[5]_i_11/O
                         net (fo=8, routed)           0.736     8.204    gameTop/gameLogic/_GEN_1323[3]
    SLICE_X37Y57         LUT4 (Prop_lut4_I3_O)        0.124     8.328 r  gameTop/gameLogic/closeDY_0[7]_i_23/O
                         net (fo=1, routed)           0.000     8.328    gameTop/gameLogic/closeDY_0[7]_i_23_n_0
    SLICE_X37Y57         CARRY4 (Prop_carry4_S[2]_CO[3])
                                                      0.398     8.726 r  gameTop/gameLogic/closeDY_0_reg[7]_i_7/CO[3]
                         net (fo=1, routed)           0.000     8.726    gameTop/gameLogic/closeDY_0_reg[7]_i_7_n_0
    SLICE_X37Y58         CARRY4 (Prop_carry4_CI_O[0])
                                                      0.222     8.948 r  gameTop/gameLogic/closeDY_0_reg[8]_i_10/O[0]
                         net (fo=3, routed)           0.728     9.676    gameTop/gameLogic/centerY_1[6]
    SLICE_X37Y55         LUT4 (Prop_lut4_I0_O)        0.299     9.975 r  gameTop/gameLogic/closeDY_0[7]_i_8/O
                         net (fo=1, routed)           0.000     9.975    gameTop/gameLogic/closeDY_0[7]_i_8_n_0
    SLICE_X37Y55         CARRY4 (Prop_carry4_S[3]_CO[3])
                                                      0.401    10.376 r  gameTop/gameLogic/closeDY_0_reg[7]_i_2/CO[3]
                         net (fo=1, routed)           0.000    10.376    gameTop/gameLogic/closeDY_0_reg[7]_i_2_n_0
    SLICE_X37Y56         CARRY4 (Prop_carry4_CI_O[1])
                                                      0.334    10.710 r  gameTop/gameLogic/closeDY_0_reg[8]_i_2/O[1]
                         net (fo=7, routed)           0.481    11.191    gameTop/gameLogic/closeDY_0_reg[8]_i_2_n_6
    SLICE_X38Y55         LUT6 (Prop_lut6_I2_O)        0.303    11.494 r  gameTop/gameLogic/closeCount[1]_i_31/O
                         net (fo=1, routed)           0.329    11.823    gameTop/gameLogic/closeCount[1]_i_31_n_0
    SLICE_X36Y55         CARRY4 (Prop_carry4_DI[0]_CO[3])
                                                      0.526    12.349 r  gameTop/gameLogic/closeCount_reg[1]_i_10/CO[3]
                         net (fo=1, routed)           0.750    13.099    gameTop/gameLogic/boxCheck_10
    SLICE_X35Y56         LUT4 (Prop_lut4_I1_O)        0.124    13.223 r  gameTop/gameLogic/closeCount[1]_i_5/O
                         net (fo=3, routed)           0.326    13.549    gameTop/gameLogic/closeCount[1]_i_5_n_0
    SLICE_X31Y56         LUT5 (Prop_lut5_I3_O)        0.124    13.673 f  gameTop/gameLogic/closeCount[1]_i_3/O
                         net (fo=4, routed)           0.184    13.856    gameTop/gameLogic/closeCount[1]_i_3_n_0
    SLICE_X31Y56         LUT4 (Prop_lut4_I3_O)        0.124    13.980 r  gameTop/gameLogic/closeSize_1[1]_i_1/O
                         net (fo=20, routed)          0.515    14.496    gameTop/gameLogic/closeDX_1
    SLICE_X32Y56         FDRE                                         r  gameTop/gameLogic/closeDY_1_reg[0]/CE
  -------------------------------------------------------------------    -------------------

                         (clock sys_clk_pin rise edge)
                                                     10.000    10.000 r  
    W5                                                0.000    10.000 r  clock (IN)
                         net (fo=0)                   0.000    10.000    clock
    W5                   IBUF (Prop_ibuf_I_O)         1.388    11.388 r  clock_IBUF_inst/O
                         net (fo=1, routed)           1.862    13.250    clock_IBUF
    BUFGCTRL_X0Y0        BUFG (Prop_bufg_I_O)         0.091    13.341 r  clock_IBUF_BUFG_inst/O
                         net (fo=1123, routed)        1.435    14.776    gameTop/gameLogic/clock_IBUF_BUFG
    SLICE_X32Y56         FDRE                                         r  gameTop/gameLogic/closeDY_1_reg[0]/C
                         clock pessimism              0.187    14.963    
                         clock uncertainty           -0.035    14.927    
    SLICE_X32Y56         FDRE (Setup_fdre_C_CE)      -0.205    14.722    gameTop/gameLogic/closeDY_1_reg[0]
  -------------------------------------------------------------------
                         required time                         14.722    
                         arrival time                         -14.496    
  -------------------------------------------------------------------
                         slack                                  0.227    

Slack (MET) :             0.227ns  (required time - arrival time)
  Source:                 gameTop/gameLogic/asteroidSize_0_reg[0]/C
                            (rising edge-triggered cell FDRE clocked by sys_clk_pin  {rise@0.000ns fall@5.000ns period=10.000ns})
  Destination:            gameTop/gameLogic/closeDY_1_reg[1]/CE
                            (rising edge-triggered cell FDRE clocked by sys_clk_pin  {rise@0.000ns fall@5.000ns period=10.000ns})
  Path Group:             sys_clk_pin
  Path Type:              Setup (Max at Slow Process Corner)
  Requirement:            10.000ns  (sys_clk_pin rise@10.000ns - sys_clk_pin rise@0.000ns)
  Data Path Delay:        9.422ns  (logic 3.683ns (39.090%)  route 5.739ns (60.910%))
  Logic Levels:           13  (CARRY4=5 LUT2=1 LUT4=4 LUT5=1 LUT6=2)
  Clock Path Skew:        -0.111ns (DCD - SCD + CPR)
    Destination Clock Delay (DCD):    4.776ns = ( 14.776 - 10.000 ) 
    Source Clock Delay      (SCD):    5.074ns
    Clock Pessimism Removal (CPR):    0.187ns
  Clock Uncertainty:      0.035ns  ((TSJ^2 + TIJ^2)^1/2 + DJ) / 2 + PE
    Total System Jitter     (TSJ):    0.071ns
    Total Input Jitter      (TIJ):    0.000ns
    Discrete Jitter          (DJ):    0.000ns
    Phase Error              (PE):    0.000ns

    Location             Delay type                Incr(ns)  Path(ns)    Netlist Resource(s)
  -------------------------------------------------------------------    -------------------
                         (clock sys_clk_pin rise edge)
                                                      0.000     0.000 r  
    W5                                                0.000     0.000 r  clock (IN)
                         net (fo=0)                   0.000     0.000    clock
    W5                   IBUF (Prop_ibuf_I_O)         1.458     1.458 r  clock_IBUF_inst/O
                         net (fo=1, routed)           1.967     3.425    clock_IBUF
    BUFGCTRL_X0Y0        BUFG (Prop_bufg_I_O)         0.096     3.521 r  clock_IBUF_BUFG_inst/O
                         net (fo=1123, routed)        1.553     5.074    gameTop/gameLogic/clock_IBUF_BUFG
    SLICE_X37Y54         FDRE                                         r  gameTop/gameLogic/asteroidSize_0_reg[0]/C
  -------------------------------------------------------------------    -------------------
    SLICE_X37Y54         FDRE (Prop_fdre_C_Q)         0.456     5.530 r  gameTop/gameLogic/asteroidSize_0_reg[0]/Q
                         net (fo=7, routed)           0.999     6.529    gameTop/gameLogic/asteroidSize_0_reg_n_0_[0]
    SLICE_X38Y56         LUT6 (Prop_lut6_I1_O)        0.124     6.653 r  gameTop/gameLogic/closeSize_1[0]_i_2/O
                         net (fo=18, routed)          0.691     7.344    gameTop/gameLogic/_GEN_1331[4]
    SLICE_X38Y56         LUT2 (Prop_lut2_I0_O)        0.124     7.468 r  gameTop/gameLogic/closeDX_0[5]_i_11/O
                         net (fo=8, routed)           0.736     8.204    gameTop/gameLogic/_GEN_1323[3]
    SLICE_X37Y57         LUT4 (Prop_lut4_I3_O)        0.124     8.328 r  gameTop/gameLogic/closeDY_0[7]_i_23/O
                         net (fo=1, routed)           0.000     8.328    gameTop/gameLogic/closeDY_0[7]_i_23_n_0
    SLICE_X37Y57         CARRY4 (Prop_carry4_S[2]_CO[3])
                                                      0.398     8.726 r  gameTop/gameLogic/closeDY_0_reg[7]_i_7/CO[3]
                         net (fo=1, routed)           0.000     8.726    gameTop/gameLogic/closeDY_0_reg[7]_i_7_n_0
    SLICE_X37Y58         CARRY4 (Prop_carry4_CI_O[0])
                                                      0.222     8.948 r  gameTop/gameLogic/closeDY_0_reg[8]_i_10/O[0]
                         net (fo=3, routed)           0.728     9.676    gameTop/gameLogic/centerY_1[6]
    SLICE_X37Y55         LUT4 (Prop_lut4_I0_O)        0.299     9.975 r  gameTop/gameLogic/closeDY_0[7]_i_8/O
                         net (fo=1, routed)           0.000     9.975    gameTop/gameLogic/closeDY_0[7]_i_8_n_0
    SLICE_X37Y55         CARRY4 (Prop_carry4_S[3]_CO[3])
                                                      0.401    10.376 r  gameTop/gameLogic/closeDY_0_reg[7]_i_2/CO[3]
                         net (fo=1, routed)           0.000    10.376    gameTop/gameLogic/closeDY_0_reg[7]_i_2_n_0
    SLICE_X37Y56         CARRY4 (Prop_carry4_CI_O[1])
                                                      0.334    10.710 r  gameTop/gameLogic/closeDY_0_reg[8]_i_2/O[1]
                         net (fo=7, routed)           0.481    11.191    gameTop/gameLogic/closeDY_0_reg[8]_i_2_n_6
    SLICE_X38Y55         LUT6 (Prop_lut6_I2_O)        0.303    11.494 r  gameTop/gameLogic/closeCount[1]_i_31/O
                         net (fo=1, routed)           0.329    11.823    gameTop/gameLogic/closeCount[1]_i_31_n_0
    SLICE_X36Y55         CARRY4 (Prop_carry4_DI[0]_CO[3])
                                                      0.526    12.349 r  gameTop/gameLogic/closeCount_reg[1]_i_10/CO[3]
                         net (fo=1, routed)           0.750    13.099    gameTop/gameLogic/boxCheck_10
    SLICE_X35Y56         LUT4 (Prop_lut4_I1_O)        0.124    13.223 r  gameTop/gameLogic/closeCount[1]_i_5/O
                         net (fo=3, routed)           0.326    13.549    gameTop/gameLogic/closeCount[1]_i_5_n_0
    SLICE_X31Y56         LUT5 (Prop_lut5_I3_O)        0.124    13.673 f  gameTop/gameLogic/closeCount[1]_i_3/O
                         net (fo=4, routed)           0.184    13.856    gameTop/gameLogic/closeCount[1]_i_3_n_0
    SLICE_X31Y56         LUT4 (Prop_lut4_I3_O)        0.124    13.980 r  gameTop/gameLogic/closeSize_1[1]_i_1/O
                         net (fo=20, routed)          0.515    14.496    gameTop/gameLogic/closeDX_1
    SLICE_X32Y56         FDRE                                         r  gameTop/gameLogic/closeDY_1_reg[1]/CE
  -------------------------------------------------------------------    -------------------

                         (clock sys_clk_pin rise edge)
                                                     10.000    10.000 r  
    W5                                                0.000    10.000 r  clock (IN)
                         net (fo=0)                   0.000    10.000    clock
    W5                   IBUF (Prop_ibuf_I_O)         1.388    11.388 r  clock_IBUF_inst/O
                         net (fo=1, routed)           1.862    13.250    clock_IBUF
    BUFGCTRL_X0Y0        BUFG (Prop_bufg_I_O)         0.091    13.341 r  clock_IBUF_BUFG_inst/O
                         net (fo=1123, routed)        1.435    14.776    gameTop/gameLogic/clock_IBUF_BUFG
    SLICE_X32Y56         FDRE                                         r  gameTop/gameLogic/closeDY_1_reg[1]/C
                         clock pessimism              0.187    14.963    
                         clock uncertainty           -0.035    14.927    
    SLICE_X32Y56         FDRE (Setup_fdre_C_CE)      -0.205    14.722    gameTop/gameLogic/closeDY_1_reg[1]
  -------------------------------------------------------------------
                         required time                         14.722    
                         arrival time                         -14.496    
  -------------------------------------------------------------------
                         slack                                  0.227    

Slack (MET) :             0.227ns  (required time - arrival time)
  Source:                 gameTop/gameLogic/asteroidSize_0_reg[0]/C
                            (rising edge-triggered cell FDRE clocked by sys_clk_pin  {rise@0.000ns fall@5.000ns period=10.000ns})
  Destination:            gameTop/gameLogic/closeDY_1_reg[8]/CE
                            (rising edge-triggered cell FDRE clocked by sys_clk_pin  {rise@0.000ns fall@5.000ns period=10.000ns})
  Path Group:             sys_clk_pin
  Path Type:              Setup (Max at Slow Process Corner)
  Requirement:            10.000ns  (sys_clk_pin rise@10.000ns - sys_clk_pin rise@0.000ns)
  Data Path Delay:        9.422ns  (logic 3.683ns (39.090%)  route 5.739ns (60.910%))
  Logic Levels:           13  (CARRY4=5 LUT2=1 LUT4=4 LUT5=1 LUT6=2)
  Clock Path Skew:        -0.111ns (DCD - SCD + CPR)
    Destination Clock Delay (DCD):    4.776ns = ( 14.776 - 10.000 ) 
    Source Clock Delay      (SCD):    5.074ns
    Clock Pessimism Removal (CPR):    0.187ns
  Clock Uncertainty:      0.035ns  ((TSJ^2 + TIJ^2)^1/2 + DJ) / 2 + PE
    Total System Jitter     (TSJ):    0.071ns
    Total Input Jitter      (TIJ):    0.000ns
    Discrete Jitter          (DJ):    0.000ns
    Phase Error              (PE):    0.000ns

    Location             Delay type                Incr(ns)  Path(ns)    Netlist Resource(s)
  -------------------------------------------------------------------    -------------------
                         (clock sys_clk_pin rise edge)
                                                      0.000     0.000 r  
    W5                                                0.000     0.000 r  clock (IN)
                         net (fo=0)                   0.000     0.000    clock
    W5                   IBUF (Prop_ibuf_I_O)         1.458     1.458 r  clock_IBUF_inst/O
                         net (fo=1, routed)           1.967     3.425    clock_IBUF
    BUFGCTRL_X0Y0        BUFG (Prop_bufg_I_O)         0.096     3.521 r  clock_IBUF_BUFG_inst/O
                         net (fo=1123, routed)        1.553     5.074    gameTop/gameLogic/clock_IBUF_BUFG
    SLICE_X37Y54         FDRE                                         r  gameTop/gameLogic/asteroidSize_0_reg[0]/C
  -------------------------------------------------------------------    -------------------
    SLICE_X37Y54         FDRE (Prop_fdre_C_Q)         0.456     5.530 r  gameTop/gameLogic/asteroidSize_0_reg[0]/Q
                         net (fo=7, routed)           0.999     6.529    gameTop/gameLogic/asteroidSize_0_reg_n_0_[0]
    SLICE_X38Y56         LUT6 (Prop_lut6_I1_O)        0.124     6.653 r  gameTop/gameLogic/closeSize_1[0]_i_2/O
                         net (fo=18, routed)          0.691     7.344    gameTop/gameLogic/_GEN_1331[4]
    SLICE_X38Y56         LUT2 (Prop_lut2_I0_O)        0.124     7.468 r  gameTop/gameLogic/closeDX_0[5]_i_11/O
                         net (fo=8, routed)           0.736     8.204    gameTop/gameLogic/_GEN_1323[3]
    SLICE_X37Y57         LUT4 (Prop_lut4_I3_O)        0.124     8.328 r  gameTop/gameLogic/closeDY_0[7]_i_23/O
                         net (fo=1, routed)           0.000     8.328    gameTop/gameLogic/closeDY_0[7]_i_23_n_0
    SLICE_X37Y57         CARRY4 (Prop_carry4_S[2]_CO[3])
                                                      0.398     8.726 r  gameTop/gameLogic/closeDY_0_reg[7]_i_7/CO[3]
                         net (fo=1, routed)           0.000     8.726    gameTop/gameLogic/closeDY_0_reg[7]_i_7_n_0
    SLICE_X37Y58         CARRY4 (Prop_carry4_CI_O[0])
                                                      0.222     8.948 r  gameTop/gameLogic/closeDY_0_reg[8]_i_10/O[0]
                         net (fo=3, routed)           0.728     9.676    gameTop/gameLogic/centerY_1[6]
    SLICE_X37Y55         LUT4 (Prop_lut4_I0_O)        0.299     9.975 r  gameTop/gameLogic/closeDY_0[7]_i_8/O
                         net (fo=1, routed)           0.000     9.975    gameTop/gameLogic/closeDY_0[7]_i_8_n_0
    SLICE_X37Y55         CARRY4 (Prop_carry4_S[3]_CO[3])
                                                      0.401    10.376 r  gameTop/gameLogic/closeDY_0_reg[7]_i_2/CO[3]
                         net (fo=1, routed)           0.000    10.376    gameTop/gameLogic/closeDY_0_reg[7]_i_2_n_0
    SLICE_X37Y56         CARRY4 (Prop_carry4_CI_O[1])
                                                      0.334    10.710 r  gameTop/gameLogic/closeDY_0_reg[8]_i_2/O[1]
                         net (fo=7, routed)           0.481    11.191    gameTop/gameLogic/closeDY_0_reg[8]_i_2_n_6
    SLICE_X38Y55         LUT6 (Prop_lut6_I2_O)        0.303    11.494 r  gameTop/gameLogic/closeCount[1]_i_31/O
                         net (fo=1, routed)           0.329    11.823    gameTop/gameLogic/closeCount[1]_i_31_n_0
    SLICE_X36Y55         CARRY4 (Prop_carry4_DI[0]_CO[3])
                                                      0.526    12.349 r  gameTop/gameLogic/closeCount_reg[1]_i_10/CO[3]
                         net (fo=1, routed)           0.750    13.099    gameTop/gameLogic/boxCheck_10
    SLICE_X35Y56         LUT4 (Prop_lut4_I1_O)        0.124    13.223 r  gameTop/gameLogic/closeCount[1]_i_5/O
                         net (fo=3, routed)           0.326    13.549    gameTop/gameLogic/closeCount[1]_i_5_n_0
    SLICE_X31Y56         LUT5 (Prop_lut5_I3_O)        0.124    13.673 f  gameTop/gameLogic/closeCount[1]_i_3/O
                         net (fo=4, routed)           0.184    13.856    gameTop/gameLogic/closeCount[1]_i_3_n_0
    SLICE_X31Y56         LUT4 (Prop_lut4_I3_O)        0.124    13.980 r  gameTop/gameLogic/closeSize_1[1]_i_1/O
                         net (fo=20, routed)          0.515    14.496    gameTop/gameLogic/closeDX_1
    SLICE_X32Y56         FDRE                                         r  gameTop/gameLogic/closeDY_1_reg[8]/CE
  -------------------------------------------------------------------    -------------------

                         (clock sys_clk_pin rise edge)
                                                     10.000    10.000 r  
    W5                                                0.000    10.000 r  clock (IN)
                         net (fo=0)                   0.000    10.000    clock
    W5                   IBUF (Prop_ibuf_I_O)         1.388    11.388 r  clock_IBUF_inst/O
                         net (fo=1, routed)           1.862    13.250    clock_IBUF
    BUFGCTRL_X0Y0        BUFG (Prop_bufg_I_O)         0.091    13.341 r  clock_IBUF_BUFG_inst/O
                         net (fo=1123, routed)        1.435    14.776    gameTop/gameLogic/clock_IBUF_BUFG
    SLICE_X32Y56         FDRE                                         r  gameTop/gameLogic/closeDY_1_reg[8]/C
                         clock pessimism              0.187    14.963    
                         clock uncertainty           -0.035    14.927    
    SLICE_X32Y56         FDRE (Setup_fdre_C_CE)      -0.205    14.722    gameTop/gameLogic/closeDY_1_reg[8]
  -------------------------------------------------------------------
                         required time                         14.722    
                         arrival time                         -14.496    
  -------------------------------------------------------------------
                         slack                                  0.227    

Slack (MET) :             0.228ns  (required time - arrival time)
  Source:                 gameTop/gameLogic/asteroidSize_0_reg[0]/C
                            (rising edge-triggered cell FDRE clocked by sys_clk_pin  {rise@0.000ns fall@5.000ns period=10.000ns})
  Destination:            gameTop/gameLogic/closeDY_0_reg[1]/CE
                            (rising edge-triggered cell FDRE clocked by sys_clk_pin  {rise@0.000ns fall@5.000ns period=10.000ns})
  Path Group:             sys_clk_pin
  Path Type:              Setup (Max at Slow Process Corner)
  Requirement:            10.000ns  (sys_clk_pin rise@10.000ns - sys_clk_pin rise@0.000ns)
  Data Path Delay:        9.457ns  (logic 3.683ns (38.946%)  route 5.774ns (61.054%))
  Logic Levels:           13  (CARRY4=5 LUT2=1 LUT4=4 LUT5=1 LUT6=2)
  Clock Path Skew:        -0.111ns (DCD - SCD + CPR)
    Destination Clock Delay (DCD):    4.776ns = ( 14.776 - 10.000 ) 
    Source Clock Delay      (SCD):    5.074ns
    Clock Pessimism Removal (CPR):    0.187ns
  Clock Uncertainty:      0.035ns  ((TSJ^2 + TIJ^2)^1/2 + DJ) / 2 + PE
    Total System Jitter     (TSJ):    0.071ns
    Total Input Jitter      (TIJ):    0.000ns
    Discrete Jitter          (DJ):    0.000ns
    Phase Error              (PE):    0.000ns

    Location             Delay type                Incr(ns)  Path(ns)    Netlist Resource(s)
  -------------------------------------------------------------------    -------------------
                         (clock sys_clk_pin rise edge)
                                                      0.000     0.000 r  
    W5                                                0.000     0.000 r  clock (IN)
                         net (fo=0)                   0.000     0.000    clock
    W5                   IBUF (Prop_ibuf_I_O)         1.458     1.458 r  clock_IBUF_inst/O
                         net (fo=1, routed)           1.967     3.425    clock_IBUF
    BUFGCTRL_X0Y0        BUFG (Prop_bufg_I_O)         0.096     3.521 r  clock_IBUF_BUFG_inst/O
                         net (fo=1123, routed)        1.553     5.074    gameTop/gameLogic/clock_IBUF_BUFG
    SLICE_X37Y54         FDRE                                         r  gameTop/gameLogic/asteroidSize_0_reg[0]/C
  -------------------------------------------------------------------    -------------------
    SLICE_X37Y54         FDRE (Prop_fdre_C_Q)         0.456     5.530 r  gameTop/gameLogic/asteroidSize_0_reg[0]/Q
                         net (fo=7, routed)           0.999     6.529    gameTop/gameLogic/asteroidSize_0_reg_n_0_[0]
    SLICE_X38Y56         LUT6 (Prop_lut6_I1_O)        0.124     6.653 r  gameTop/gameLogic/closeSize_1[0]_i_2/O
                         net (fo=18, routed)          0.691     7.344    gameTop/gameLogic/_GEN_1331[4]
    SLICE_X38Y56         LUT2 (Prop_lut2_I0_O)        0.124     7.468 r  gameTop/gameLogic/closeDX_0[5]_i_11/O
                         net (fo=8, routed)           0.736     8.204    gameTop/gameLogic/_GEN_1323[3]
    SLICE_X37Y57         LUT4 (Prop_lut4_I3_O)        0.124     8.328 r  gameTop/gameLogic/closeDY_0[7]_i_23/O
                         net (fo=1, routed)           0.000     8.328    gameTop/gameLogic/closeDY_0[7]_i_23_n_0
    SLICE_X37Y57         CARRY4 (Prop_carry4_S[2]_CO[3])
                                                      0.398     8.726 r  gameTop/gameLogic/closeDY_0_reg[7]_i_7/CO[3]
                         net (fo=1, routed)           0.000     8.726    gameTop/gameLogic/closeDY_0_reg[7]_i_7_n_0
    SLICE_X37Y58         CARRY4 (Prop_carry4_CI_O[0])
                                                      0.222     8.948 r  gameTop/gameLogic/closeDY_0_reg[8]_i_10/O[0]
                         net (fo=3, routed)           0.728     9.676    gameTop/gameLogic/centerY_1[6]
    SLICE_X37Y55         LUT4 (Prop_lut4_I0_O)        0.299     9.975 r  gameTop/gameLogic/closeDY_0[7]_i_8/O
                         net (fo=1, routed)           0.000     9.975    gameTop/gameLogic/closeDY_0[7]_i_8_n_0
    SLICE_X37Y55         CARRY4 (Prop_carry4_S[3]_CO[3])
                                                      0.401    10.376 r  gameTop/gameLogic/closeDY_0_reg[7]_i_2/CO[3]
                         net (fo=1, routed)           0.000    10.376    gameTop/gameLogic/closeDY_0_reg[7]_i_2_n_0
    SLICE_X37Y56         CARRY4 (Prop_carry4_CI_O[1])
                                                      0.334    10.710 r  gameTop/gameLogic/closeDY_0_reg[8]_i_2/O[1]
                         net (fo=7, routed)           0.481    11.191    gameTop/gameLogic/closeDY_0_reg[8]_i_2_n_6
    SLICE_X38Y55         LUT6 (Prop_lut6_I2_O)        0.303    11.494 r  gameTop/gameLogic/closeCount[1]_i_31/O
                         net (fo=1, routed)           0.329    11.823    gameTop/gameLogic/closeCount[1]_i_31_n_0
    SLICE_X36Y55         CARRY4 (Prop_carry4_DI[0]_CO[3])
                                                      0.526    12.349 r  gameTop/gameLogic/closeCount_reg[1]_i_10/CO[3]
                         net (fo=1, routed)           0.750    13.099    gameTop/gameLogic/boxCheck_10
    SLICE_X35Y56         LUT4 (Prop_lut4_I1_O)        0.124    13.223 r  gameTop/gameLogic/closeCount[1]_i_5/O
                         net (fo=3, routed)           0.326    13.549    gameTop/gameLogic/closeCount[1]_i_5_n_0
    SLICE_X31Y56         LUT5 (Prop_lut5_I3_O)        0.124    13.673 f  gameTop/gameLogic/closeCount[1]_i_3/O
                         net (fo=4, routed)           0.189    13.861    gameTop/gameLogic/closeCount[1]_i_3_n_0
    SLICE_X31Y56         LUT4 (Prop_lut4_I3_O)        0.124    13.985 r  gameTop/gameLogic/closeSize_0[1]_i_1/O
                         net (fo=20, routed)          0.545    14.530    gameTop/gameLogic/closeDX_0
    SLICE_X30Y56         FDRE                                         r  gameTop/gameLogic/closeDY_0_reg[1]/CE
  -------------------------------------------------------------------    -------------------

                         (clock sys_clk_pin rise edge)
                                                     10.000    10.000 r  
    W5                                                0.000    10.000 r  clock (IN)
                         net (fo=0)                   0.000    10.000    clock
    W5                   IBUF (Prop_ibuf_I_O)         1.388    11.388 r  clock_IBUF_inst/O
                         net (fo=1, routed)           1.862    13.250    clock_IBUF
    BUFGCTRL_X0Y0        BUFG (Prop_bufg_I_O)         0.091    13.341 r  clock_IBUF_BUFG_inst/O
                         net (fo=1123, routed)        1.435    14.776    gameTop/gameLogic/clock_IBUF_BUFG
    SLICE_X30Y56         FDRE                                         r  gameTop/gameLogic/closeDY_0_reg[1]/C
                         clock pessimism              0.187    14.963    
                         clock uncertainty           -0.035    14.927    
    SLICE_X30Y56         FDRE (Setup_fdre_C_CE)      -0.169    14.758    gameTop/gameLogic/closeDY_0_reg[1]
  -------------------------------------------------------------------
                         required time                         14.758    
                         arrival time                         -14.530    
  -------------------------------------------------------------------
                         slack                                  0.228    

Slack (MET) :             0.228ns  (required time - arrival time)
  Source:                 gameTop/gameLogic/asteroidSize_0_reg[0]/C
                            (rising edge-triggered cell FDRE clocked by sys_clk_pin  {rise@0.000ns fall@5.000ns period=10.000ns})
  Destination:            gameTop/gameLogic/closeDY_0_reg[2]/CE
                            (rising edge-triggered cell FDRE clocked by sys_clk_pin  {rise@0.000ns fall@5.000ns period=10.000ns})
  Path Group:             sys_clk_pin
  Path Type:              Setup (Max at Slow Process Corner)
  Requirement:            10.000ns  (sys_clk_pin rise@10.000ns - sys_clk_pin rise@0.000ns)
  Data Path Delay:        9.457ns  (logic 3.683ns (38.946%)  route 5.774ns (61.054%))
  Logic Levels:           13  (CARRY4=5 LUT2=1 LUT4=4 LUT5=1 LUT6=2)
  Clock Path Skew:        -0.111ns (DCD - SCD + CPR)
    Destination Clock Delay (DCD):    4.776ns = ( 14.776 - 10.000 ) 
    Source Clock Delay      (SCD):    5.074ns
    Clock Pessimism Removal (CPR):    0.187ns
  Clock Uncertainty:      0.035ns  ((TSJ^2 + TIJ^2)^1/2 + DJ) / 2 + PE
    Total System Jitter     (TSJ):    0.071ns
    Total Input Jitter      (TIJ):    0.000ns
    Discrete Jitter          (DJ):    0.000ns
    Phase Error              (PE):    0.000ns

    Location             Delay type                Incr(ns)  Path(ns)    Netlist Resource(s)
  -------------------------------------------------------------------    -------------------
                         (clock sys_clk_pin rise edge)
                                                      0.000     0.000 r  
    W5                                                0.000     0.000 r  clock (IN)
                         net (fo=0)                   0.000     0.000    clock
    W5                   IBUF (Prop_ibuf_I_O)         1.458     1.458 r  clock_IBUF_inst/O
                         net (fo=1, routed)           1.967     3.425    clock_IBUF
    BUFGCTRL_X0Y0        BUFG (Prop_bufg_I_O)         0.096     3.521 r  clock_IBUF_BUFG_inst/O
                         net (fo=1123, routed)        1.553     5.074    gameTop/gameLogic/clock_IBUF_BUFG
    SLICE_X37Y54         FDRE                                         r  gameTop/gameLogic/asteroidSize_0_reg[0]/C
  -------------------------------------------------------------------    -------------------
    SLICE_X37Y54         FDRE (Prop_fdre_C_Q)         0.456     5.530 r  gameTop/gameLogic/asteroidSize_0_reg[0]/Q
                         net (fo=7, routed)           0.999     6.529    gameTop/gameLogic/asteroidSize_0_reg_n_0_[0]
    SLICE_X38Y56         LUT6 (Prop_lut6_I1_O)        0.124     6.653 r  gameTop/gameLogic/closeSize_1[0]_i_2/O
                         net (fo=18, routed)          0.691     7.344    gameTop/gameLogic/_GEN_1331[4]
    SLICE_X38Y56         LUT2 (Prop_lut2_I0_O)        0.124     7.468 r  gameTop/gameLogic/closeDX_0[5]_i_11/O
                         net (fo=8, routed)           0.736     8.204    gameTop/gameLogic/_GEN_1323[3]
    SLICE_X37Y57         LUT4 (Prop_lut4_I3_O)        0.124     8.328 r  gameTop/gameLogic/closeDY_0[7]_i_23/O
                         net (fo=1, routed)           0.000     8.328    gameTop/gameLogic/closeDY_0[7]_i_23_n_0
    SLICE_X37Y57         CARRY4 (Prop_carry4_S[2]_CO[3])
                                                      0.398     8.726 r  gameTop/gameLogic/closeDY_0_reg[7]_i_7/CO[3]
                         net (fo=1, routed)           0.000     8.726    gameTop/gameLogic/closeDY_0_reg[7]_i_7_n_0
    SLICE_X37Y58         CARRY4 (Prop_carry4_CI_O[0])
                                                      0.222     8.948 r  gameTop/gameLogic/closeDY_0_reg[8]_i_10/O[0]
                         net (fo=3, routed)           0.728     9.676    gameTop/gameLogic/centerY_1[6]
    SLICE_X37Y55         LUT4 (Prop_lut4_I0_O)        0.299     9.975 r  gameTop/gameLogic/closeDY_0[7]_i_8/O
                         net (fo=1, routed)           0.000     9.975    gameTop/gameLogic/closeDY_0[7]_i_8_n_0
    SLICE_X37Y55         CARRY4 (Prop_carry4_S[3]_CO[3])
                                                      0.401    10.376 r  gameTop/gameLogic/closeDY_0_reg[7]_i_2/CO[3]
                         net (fo=1, routed)           0.000    10.376    gameTop/gameLogic/closeDY_0_reg[7]_i_2_n_0
    SLICE_X37Y56         CARRY4 (Prop_carry4_CI_O[1])
                                                      0.334    10.710 r  gameTop/gameLogic/closeDY_0_reg[8]_i_2/O[1]
                         net (fo=7, routed)           0.481    11.191    gameTop/gameLogic/closeDY_0_reg[8]_i_2_n_6
    SLICE_X38Y55         LUT6 (Prop_lut6_I2_O)        0.303    11.494 r  gameTop/gameLogic/closeCount[1]_i_31/O
                         net (fo=1, routed)           0.329    11.823    gameTop/gameLogic/closeCount[1]_i_31_n_0
    SLICE_X36Y55         CARRY4 (Prop_carry4_DI[0]_CO[3])
                                                      0.526    12.349 r  gameTop/gameLogic/closeCount_reg[1]_i_10/CO[3]
                         net (fo=1, routed)           0.750    13.099    gameTop/gameLogic/boxCheck_10
    SLICE_X35Y56         LUT4 (Prop_lut4_I1_O)        0.124    13.223 r  gameTop/gameLogic/closeCount[1]_i_5/O
                         net (fo=3, routed)           0.326    13.549    gameTop/gameLogic/closeCount[1]_i_5_n_0
    SLICE_X31Y56         LUT5 (Prop_lut5_I3_O)        0.124    13.673 f  gameTop/gameLogic/closeCount[1]_i_3/O
                         net (fo=4, routed)           0.189    13.861    gameTop/gameLogic/closeCount[1]_i_3_n_0
    SLICE_X31Y56         LUT4 (Prop_lut4_I3_O)        0.124    13.985 r  gameTop/gameLogic/closeSize_0[1]_i_1/O
                         net (fo=20, routed)          0.545    14.530    gameTop/gameLogic/closeDX_0
    SLICE_X30Y56         FDRE                                         r  gameTop/gameLogic/closeDY_0_reg[2]/CE
  -------------------------------------------------------------------    -------------------

                         (clock sys_clk_pin rise edge)
                                                     10.000    10.000 r  
    W5                                                0.000    10.000 r  clock (IN)
                         net (fo=0)                   0.000    10.000    clock
    W5                   IBUF (Prop_ibuf_I_O)         1.388    11.388 r  clock_IBUF_inst/O
                         net (fo=1, routed)           1.862    13.250    clock_IBUF
    BUFGCTRL_X0Y0        BUFG (Prop_bufg_I_O)         0.091    13.341 r  clock_IBUF_BUFG_inst/O
                         net (fo=1123, routed)        1.435    14.776    gameTop/gameLogic/clock_IBUF_BUFG
    SLICE_X30Y56         FDRE                                         r  gameTop/gameLogic/closeDY_0_reg[2]/C
                         clock pessimism              0.187    14.963    
                         clock uncertainty           -0.035    14.927    
    SLICE_X30Y56         FDRE (Setup_fdre_C_CE)      -0.169    14.758    gameTop/gameLogic/closeDY_0_reg[2]
  -------------------------------------------------------------------
                         required time                         14.758    
                         arrival time                         -14.530    
  -------------------------------------------------------------------
                         slack                                  0.228    





Min Delay Paths
--------------------------------------------------------------------------------------
Slack (MET) :             0.029ns  (arrival time - required time)
  Source:                 gameTop/gameLogic/explosionX_1_reg[4]/C
                            (rising edge-triggered cell FDRE clocked by sys_clk_pin  {rise@0.000ns fall@5.000ns period=10.000ns})
  Destination:            gameTop/gameLogic/explosionX_2_reg[4]/D
                            (rising edge-triggered cell FDRE clocked by sys_clk_pin  {rise@0.000ns fall@5.000ns period=10.000ns})
  Path Group:             sys_clk_pin
  Path Type:              Hold (Min at Fast Process Corner)
  Requirement:            0.000ns  (sys_clk_pin rise@0.000ns - sys_clk_pin rise@0.000ns)
  Data Path Delay:        0.353ns  (logic 0.141ns (39.931%)  route 0.212ns (60.069%))
  Logic Levels:           0  
  Clock Path Skew:        0.272ns (DCD - SCD - CPR)
    Destination Clock Delay (DCD):    1.964ns
    Source Clock Delay      (SCD):    1.448ns
    Clock Pessimism Removal (CPR):    0.244ns

    Location             Delay type                Incr(ns)  Path(ns)    Netlist Resource(s)
  -------------------------------------------------------------------    -------------------
                         (clock sys_clk_pin rise edge)
                                                      0.000     0.000 r  
    W5                                                0.000     0.000 r  clock (IN)
                         net (fo=0)                   0.000     0.000    clock
    W5                   IBUF (Prop_ibuf_I_O)         0.226     0.226 r  clock_IBUF_inst/O
                         net (fo=1, routed)           0.631     0.858    clock_IBUF
    BUFGCTRL_X0Y0        BUFG (Prop_bufg_I_O)         0.026     0.884 r  clock_IBUF_BUFG_inst/O
                         net (fo=1123, routed)        0.565     1.448    gameTop/gameLogic/clock_IBUF_BUFG
    SLICE_X15Y50         FDRE                                         r  gameTop/gameLogic/explosionX_1_reg[4]/C
  -------------------------------------------------------------------    -------------------
    SLICE_X15Y50         FDRE (Prop_fdre_C_Q)         0.141     1.589 r  gameTop/gameLogic/explosionX_1_reg[4]/Q
                         net (fo=2, routed)           0.212     1.801    gameTop/gameLogic/explosionX_1_reg[10]_0[4]
    SLICE_X14Y49         FDRE                                         r  gameTop/gameLogic/explosionX_2_reg[4]/D
  -------------------------------------------------------------------    -------------------

                         (clock sys_clk_pin rise edge)
                                                      0.000     0.000 r  
    W5                                                0.000     0.000 r  clock (IN)
                         net (fo=0)                   0.000     0.000    clock
    W5                   IBUF (Prop_ibuf_I_O)         0.414     0.414 r  clock_IBUF_inst/O
                         net (fo=1, routed)           0.685     1.099    clock_IBUF
    BUFGCTRL_X0Y0        BUFG (Prop_bufg_I_O)         0.029     1.128 r  clock_IBUF_BUFG_inst/O
                         net (fo=1123, routed)        0.837     1.964    gameTop/gameLogic/clock_IBUF_BUFG
    SLICE_X14Y49         FDRE                                         r  gameTop/gameLogic/explosionX_2_reg[4]/C
                         clock pessimism             -0.244     1.720    
    SLICE_X14Y49         FDRE (Hold_fdre_C_D)         0.052     1.772    gameTop/gameLogic/explosionX_2_reg[4]
  -------------------------------------------------------------------
                         required time                         -1.772    
                         arrival time                           1.801    
  -------------------------------------------------------------------
                         slack                                  0.029    

Slack (MET) :             0.049ns  (arrival time - required time)
  Source:                 gameTop/graphicEngineVGA/multiHotPriortyReductionTree_io_selectInput_12_pipeReg_1_1_reg/C
                            (rising edge-triggered cell FDRE clocked by sys_clk_pin  {rise@0.000ns fall@5.000ns period=10.000ns})
  Destination:            gameTop/graphicEngineVGA/multiHotPriortyReductionTree_io_selectInput_12_pipeReg_1_0_reg/D
                            (rising edge-triggered cell FDRE clocked by sys_clk_pin  {rise@0.000ns fall@5.000ns period=10.000ns})
  Path Group:             sys_clk_pin
  Path Type:              Hold (Min at Fast Process Corner)
  Requirement:            0.000ns  (sys_clk_pin rise@0.000ns - sys_clk_pin rise@0.000ns)
  Data Path Delay:        0.382ns  (logic 0.141ns (36.947%)  route 0.241ns (63.053%))
  Logic Levels:           0  
  Clock Path Skew:        0.274ns (DCD - SCD - CPR)
    Destination Clock Delay (DCD):    1.965ns
    Source Clock Delay      (SCD):    1.447ns
    Clock Pessimism Removal (CPR):    0.244ns

    Location             Delay type                Incr(ns)  Path(ns)    Netlist Resource(s)
  -------------------------------------------------------------------    -------------------
                         (clock sys_clk_pin rise edge)
                                                      0.000     0.000 r  
    W5                                                0.000     0.000 r  clock (IN)
                         net (fo=0)                   0.000     0.000    clock
    W5                   IBUF (Prop_ibuf_I_O)         0.226     0.226 r  clock_IBUF_inst/O
                         net (fo=1, routed)           0.631     0.858    clock_IBUF
    BUFGCTRL_X0Y0        BUFG (Prop_bufg_I_O)         0.026     0.884 r  clock_IBUF_BUFG_inst/O
                         net (fo=1123, routed)        0.564     1.447    gameTop/graphicEngineVGA/clock_IBUF_BUFG
    SLICE_X49Y53         FDRE                                         r  gameTop/graphicEngineVGA/multiHotPriortyReductionTree_io_selectInput_12_pipeReg_1_1_reg/C
  -------------------------------------------------------------------    -------------------
    SLICE_X49Y53         FDRE (Prop_fdre_C_Q)         0.141     1.588 r  gameTop/graphicEngineVGA/multiHotPriortyReductionTree_io_selectInput_12_pipeReg_1_1_reg/Q
                         net (fo=2, routed)           0.241     1.829    gameTop/graphicEngineVGA/multiHotPriortyReductionTree_io_selectInput_12_pipeReg_1_1
    SLICE_X50Y49         FDRE                                         r  gameTop/graphicEngineVGA/multiHotPriortyReductionTree_io_selectInput_12_pipeReg_1_0_reg/D
  -------------------------------------------------------------------    -------------------

                         (clock sys_clk_pin rise edge)
                                                      0.000     0.000 r  
    W5                                                0.000     0.000 r  clock (IN)
                         net (fo=0)                   0.000     0.000    clock
    W5                   IBUF (Prop_ibuf_I_O)         0.414     0.414 r  clock_IBUF_inst/O
                         net (fo=1, routed)           0.685     1.099    clock_IBUF
    BUFGCTRL_X0Y0        BUFG (Prop_bufg_I_O)         0.029     1.128 r  clock_IBUF_BUFG_inst/O
                         net (fo=1123, routed)        0.838     1.965    gameTop/graphicEngineVGA/clock_IBUF_BUFG
    SLICE_X50Y49         FDRE                                         r  gameTop/graphicEngineVGA/multiHotPriortyReductionTree_io_selectInput_12_pipeReg_1_0_reg/C
                         clock pessimism             -0.244     1.721    
    SLICE_X50Y49         FDRE (Hold_fdre_C_D)         0.059     1.780    gameTop/graphicEngineVGA/multiHotPriortyReductionTree_io_selectInput_12_pipeReg_1_0_reg
  -------------------------------------------------------------------
                         required time                         -1.780    
                         arrival time                           1.829    
  -------------------------------------------------------------------
                         slack                                  0.049    

Slack (MET) :             0.053ns  (arrival time - required time)
  Source:                 gameTop/gameLogic/rocketY_3_reg[0]/C
                            (rising edge-triggered cell FDRE clocked by sys_clk_pin  {rise@0.000ns fall@5.000ns period=10.000ns})
  Destination:            gameTop/graphicEngineVGA/spriteYPositionReg_14_reg[0]/D
                            (rising edge-triggered cell FDRE clocked by sys_clk_pin  {rise@0.000ns fall@5.000ns period=10.000ns})
  Path Group:             sys_clk_pin
  Path Type:              Hold (Min at Fast Process Corner)
  Requirement:            0.000ns  (sys_clk_pin rise@0.000ns - sys_clk_pin rise@0.000ns)
  Data Path Delay:        0.381ns  (logic 0.141ns (36.990%)  route 0.240ns (63.010%))
  Logic Levels:           0  
  Clock Path Skew:        0.271ns (DCD - SCD - CPR)
    Destination Clock Delay (DCD):    1.961ns
    Source Clock Delay      (SCD):    1.446ns
    Clock Pessimism Removal (CPR):    0.244ns

    Location             Delay type                Incr(ns)  Path(ns)    Netlist Resource(s)
  -------------------------------------------------------------------    -------------------
                         (clock sys_clk_pin rise edge)
                                                      0.000     0.000 r  
    W5                                                0.000     0.000 r  clock (IN)
                         net (fo=0)                   0.000     0.000    clock
    W5                   IBUF (Prop_ibuf_I_O)         0.226     0.226 r  clock_IBUF_inst/O
                         net (fo=1, routed)           0.631     0.858    clock_IBUF
    BUFGCTRL_X0Y0        BUFG (Prop_bufg_I_O)         0.026     0.884 r  clock_IBUF_BUFG_inst/O
                         net (fo=1123, routed)        0.563     1.446    gameTop/gameLogic/clock_IBUF_BUFG
    SLICE_X44Y51         FDRE                                         r  gameTop/gameLogic/rocketY_3_reg[0]/C
  -------------------------------------------------------------------    -------------------
    SLICE_X44Y51         FDRE (Prop_fdre_C_Q)         0.141     1.587 r  gameTop/gameLogic/rocketY_3_reg[0]/Q
                         net (fo=2, routed)           0.240     1.827    gameTop/graphicEngineVGA/spriteYPositionReg_14_reg[9]_0[0]
    SLICE_X45Y46         FDRE                                         r  gameTop/graphicEngineVGA/spriteYPositionReg_14_reg[0]/D
  -------------------------------------------------------------------    -------------------

                         (clock sys_clk_pin rise edge)
                                                      0.000     0.000 r  
    W5                                                0.000     0.000 r  clock (IN)
                         net (fo=0)                   0.000     0.000    clock
    W5                   IBUF (Prop_ibuf_I_O)         0.414     0.414 r  clock_IBUF_inst/O
                         net (fo=1, routed)           0.685     1.099    clock_IBUF
    BUFGCTRL_X0Y0        BUFG (Prop_bufg_I_O)         0.029     1.128 r  clock_IBUF_BUFG_inst/O
                         net (fo=1123, routed)        0.834     1.961    gameTop/graphicEngineVGA/clock_IBUF_BUFG
    SLICE_X45Y46         FDRE                                         r  gameTop/graphicEngineVGA/spriteYPositionReg_14_reg[0]/C
                         clock pessimism             -0.244     1.717    
    SLICE_X45Y46         FDRE (Hold_fdre_C_D)         0.057     1.774    gameTop/graphicEngineVGA/spriteYPositionReg_14_reg[0]
  -------------------------------------------------------------------
                         required time                         -1.774    
                         arrival time                           1.827    
  -------------------------------------------------------------------
                         slack                                  0.053    

Slack (MET) :             0.055ns  (arrival time - required time)
  Source:                 gameTop/gameLogic/lfsrReg_reg[0]/C
                            (rising edge-triggered cell FDSE clocked by sys_clk_pin  {rise@0.000ns fall@5.000ns period=10.000ns})
  Destination:            gameTop/gameLogic/asteroidY_1_reg[3]/D
                            (rising edge-triggered cell FDRE clocked by sys_clk_pin  {rise@0.000ns fall@5.000ns period=10.000ns})
  Path Group:             sys_clk_pin
  Path Type:              Hold (Min at Fast Process Corner)
  Requirement:            0.000ns  (sys_clk_pin rise@0.000ns - sys_clk_pin rise@0.000ns)
  Data Path Delay:        0.378ns  (logic 0.164ns (43.415%)  route 0.214ns (56.585%))
  Logic Levels:           0  
  Clock Path Skew:        0.264ns (DCD - SCD - CPR)
    Destination Clock Delay (DCD):    1.956ns
    Source Clock Delay      (SCD):    1.443ns
    Clock Pessimism Removal (CPR):    0.249ns

    Location             Delay type                Incr(ns)  Path(ns)    Netlist Resource(s)
  -------------------------------------------------------------------    -------------------
                         (clock sys_clk_pin rise edge)
                                                      0.000     0.000 r  
    W5                                                0.000     0.000 r  clock (IN)
                         net (fo=0)                   0.000     0.000    clock
    W5                   IBUF (Prop_ibuf_I_O)         0.226     0.226 r  clock_IBUF_inst/O
                         net (fo=1, routed)           0.631     0.858    clock_IBUF
    BUFGCTRL_X0Y0        BUFG (Prop_bufg_I_O)         0.026     0.884 r  clock_IBUF_BUFG_inst/O
                         net (fo=1123, routed)        0.560     1.443    gameTop/gameLogic/clock_IBUF_BUFG
    SLICE_X30Y59         FDSE                                         r  gameTop/gameLogic/lfsrReg_reg[0]/C
  -------------------------------------------------------------------    -------------------
    SLICE_X30Y59         FDSE (Prop_fdse_C_Q)         0.164     1.607 r  gameTop/gameLogic/lfsrReg_reg[0]/Q
                         net (fo=11, routed)          0.214     1.821    gameTop/gameLogic/lfsrReg[0]
    SLICE_X38Y58         FDRE                                         r  gameTop/gameLogic/asteroidY_1_reg[3]/D
  -------------------------------------------------------------------    -------------------

                         (clock sys_clk_pin rise edge)
                                                      0.000     0.000 r  
    W5                                                0.000     0.000 r  clock (IN)
                         net (fo=0)                   0.000     0.000    clock
    W5                   IBUF (Prop_ibuf_I_O)         0.414     0.414 r  clock_IBUF_inst/O
                         net (fo=1, routed)           0.685     1.099    clock_IBUF
    BUFGCTRL_X0Y0        BUFG (Prop_bufg_I_O)         0.029     1.128 r  clock_IBUF_BUFG_inst/O
                         net (fo=1123, routed)        0.828     1.956    gameTop/gameLogic/clock_IBUF_BUFG
    SLICE_X38Y58         FDRE                                         r  gameTop/gameLogic/asteroidY_1_reg[3]/C
                         clock pessimism             -0.249     1.707    
    SLICE_X38Y58         FDRE (Hold_fdre_C_D)         0.059     1.766    gameTop/gameLogic/asteroidY_1_reg[3]
  -------------------------------------------------------------------
                         required time                         -1.766    
                         arrival time                           1.821    
  -------------------------------------------------------------------
                         slack                                  0.055    

Slack (MET) :             0.060ns  (arrival time - required time)
  Source:                 gameTop/graphicEngineVGA/multiHotPriortyReductionTree_io_selectInput_12_pipeReg__1_reg/C
                            (rising edge-triggered cell FDRE clocked by sys_clk_pin  {rise@0.000ns fall@5.000ns period=10.000ns})
  Destination:            gameTop/graphicEngineVGA/multiHotPriortyReductionTree_io_selectInput_12_pipeReg__0_reg/D
                            (rising edge-triggered cell FDRE clocked by sys_clk_pin  {rise@0.000ns fall@5.000ns period=10.000ns})
  Path Group:             sys_clk_pin
  Path Type:              Hold (Min at Fast Process Corner)
  Requirement:            0.000ns  (sys_clk_pin rise@0.000ns - sys_clk_pin rise@0.000ns)
  Data Path Delay:        0.332ns  (logic 0.128ns (38.541%)  route 0.204ns (61.459%))
  Logic Levels:           0  
  Clock Path Skew:        0.274ns (DCD - SCD - CPR)
    Destination Clock Delay (DCD):    1.965ns
    Source Clock Delay      (SCD):    1.447ns
    Clock Pessimism Removal (CPR):    0.244ns

    Location             Delay type                Incr(ns)  Path(ns)    Netlist Resource(s)
  -------------------------------------------------------------------    -------------------
                         (clock sys_clk_pin rise edge)
                                                      0.000     0.000 r  
    W5                                                0.000     0.000 r  clock (IN)
                         net (fo=0)                   0.000     0.000    clock
    W5                   IBUF (Prop_ibuf_I_O)         0.226     0.226 r  clock_IBUF_inst/O
                         net (fo=1, routed)           0.631     0.858    clock_IBUF
    BUFGCTRL_X0Y0        BUFG (Prop_bufg_I_O)         0.026     0.884 r  clock_IBUF_BUFG_inst/O
                         net (fo=1123, routed)        0.564     1.447    gameTop/graphicEngineVGA/clock_IBUF_BUFG
    SLICE_X49Y53         FDRE                                         r  gameTop/graphicEngineVGA/multiHotPriortyReductionTree_io_selectInput_12_pipeReg__1_reg/C
  -------------------------------------------------------------------    -------------------
    SLICE_X49Y53         FDRE (Prop_fdre_C_Q)         0.128     1.575 r  gameTop/graphicEngineVGA/multiHotPriortyReductionTree_io_selectInput_12_pipeReg__1_reg/Q
                         net (fo=2, routed)           0.204     1.779    gameTop/graphicEngineVGA/multiHotPriortyReductionTree_io_selectInput_12_pipeReg__1
    SLICE_X50Y49         FDRE                                         r  gameTop/graphicEngineVGA/multiHotPriortyReductionTree_io_selectInput_12_pipeReg__0_reg/D
  -------------------------------------------------------------------    -------------------

                         (clock sys_clk_pin rise edge)
                                                      0.000     0.000 r  
    W5                                                0.000     0.000 r  clock (IN)
                         net (fo=0)                   0.000     0.000    clock
    W5                   IBUF (Prop_ibuf_I_O)         0.414     0.414 r  clock_IBUF_inst/O
                         net (fo=1, routed)           0.685     1.099    clock_IBUF
    BUFGCTRL_X0Y0        BUFG (Prop_bufg_I_O)         0.029     1.128 r  clock_IBUF_BUFG_inst/O
                         net (fo=1123, routed)        0.838     1.965    gameTop/graphicEngineVGA/clock_IBUF_BUFG
    SLICE_X50Y49         FDRE                                         r  gameTop/graphicEngineVGA/multiHotPriortyReductionTree_io_selectInput_12_pipeReg__0_reg/C
                         clock pessimism             -0.244     1.721    
    SLICE_X50Y49         FDRE (Hold_fdre_C_D)        -0.002     1.719    gameTop/graphicEngineVGA/multiHotPriortyReductionTree_io_selectInput_12_pipeReg__0_reg
  -------------------------------------------------------------------
                         required time                         -1.719    
                         arrival time                           1.779    
  -------------------------------------------------------------------
                         slack                                  0.060    

Slack (MET) :             0.062ns  (arrival time - required time)
  Source:                 gameTop/gameLogic/asteroidY_1_reg[4]/C
                            (rising edge-triggered cell FDRE clocked by sys_clk_pin  {rise@0.000ns fall@5.000ns period=10.000ns})
  Destination:            gameTop/graphicEngineVGA/spriteYPositionReg_2_reg[4]/D
                            (rising edge-triggered cell FDRE clocked by sys_clk_pin  {rise@0.000ns fall@5.000ns period=10.000ns})
  Path Group:             sys_clk_pin
  Path Type:              Hold (Min at Fast Process Corner)
  Requirement:            0.000ns  (sys_clk_pin rise@0.000ns - sys_clk_pin rise@0.000ns)
  Data Path Delay:        0.393ns  (logic 0.164ns (41.689%)  route 0.229ns (58.311%))
  Logic Levels:           0  
  Clock Path Skew:        0.262ns (DCD - SCD - CPR)
    Destination Clock Delay (DCD):    1.954ns
    Source Clock Delay      (SCD):    1.443ns
    Clock Pessimism Removal (CPR):    0.249ns

    Location             Delay type                Incr(ns)  Path(ns)    Netlist Resource(s)
  -------------------------------------------------------------------    -------------------
                         (clock sys_clk_pin rise edge)
                                                      0.000     0.000 r  
    W5                                                0.000     0.000 r  clock (IN)
                         net (fo=0)                   0.000     0.000    clock
    W5                   IBUF (Prop_ibuf_I_O)         0.226     0.226 r  clock_IBUF_inst/O
                         net (fo=1, routed)           0.631     0.858    clock_IBUF
    BUFGCTRL_X0Y0        BUFG (Prop_bufg_I_O)         0.026     0.884 r  clock_IBUF_BUFG_inst/O
                         net (fo=1123, routed)        0.560     1.443    gameTop/gameLogic/clock_IBUF_BUFG
    SLICE_X38Y59         FDRE                                         r  gameTop/gameLogic/asteroidY_1_reg[4]/C
  -------------------------------------------------------------------    -------------------
    SLICE_X38Y59         FDRE (Prop_fdre_C_Q)         0.164     1.607 r  gameTop/gameLogic/asteroidY_1_reg[4]/Q
                         net (fo=2, routed)           0.229     1.837    gameTop/graphicEngineVGA/spriteYPositionReg_2_reg[8]_0[2]
    SLICE_X35Y61         FDRE                                         r  gameTop/graphicEngineVGA/spriteYPositionReg_2_reg[4]/D
  -------------------------------------------------------------------    -------------------

                         (clock sys_clk_pin rise edge)
                                                      0.000     0.000 r  
    W5                                                0.000     0.000 r  clock (IN)
                         net (fo=0)                   0.000     0.000    clock
    W5                   IBUF (Prop_ibuf_I_O)         0.414     0.414 r  clock_IBUF_inst/O
                         net (fo=1, routed)           0.685     1.099    clock_IBUF
    BUFGCTRL_X0Y0        BUFG (Prop_bufg_I_O)         0.029     1.128 r  clock_IBUF_BUFG_inst/O
                         net (fo=1123, routed)        0.826     1.954    gameTop/graphicEngineVGA/clock_IBUF_BUFG
    SLICE_X35Y61         FDRE                                         r  gameTop/graphicEngineVGA/spriteYPositionReg_2_reg[4]/C
                         clock pessimism             -0.249     1.705    
    SLICE_X35Y61         FDRE (Hold_fdre_C_D)         0.070     1.775    gameTop/graphicEngineVGA/spriteYPositionReg_2_reg[4]
  -------------------------------------------------------------------
                         required time                         -1.775    
                         arrival time                           1.837    
  -------------------------------------------------------------------
                         slack                                  0.062    

Slack (MET) :             0.063ns  (arrival time - required time)
  Source:                 gameTop/gameLogic/explosionX_1_reg[2]/C
                            (rising edge-triggered cell FDRE clocked by sys_clk_pin  {rise@0.000ns fall@5.000ns period=10.000ns})
  Destination:            gameTop/gameLogic/explosionX_2_reg[2]/D
                            (rising edge-triggered cell FDRE clocked by sys_clk_pin  {rise@0.000ns fall@5.000ns period=10.000ns})
  Path Group:             sys_clk_pin
  Path Type:              Hold (Min at Fast Process Corner)
  Requirement:            0.000ns  (sys_clk_pin rise@0.000ns - sys_clk_pin rise@0.000ns)
  Data Path Delay:        0.404ns  (logic 0.141ns (34.894%)  route 0.263ns (65.106%))
  Logic Levels:           0  
  Clock Path Skew:        0.271ns (DCD - SCD - CPR)
    Destination Clock Delay (DCD):    1.963ns
    Source Clock Delay      (SCD):    1.448ns
    Clock Pessimism Removal (CPR):    0.244ns

    Location             Delay type                Incr(ns)  Path(ns)    Netlist Resource(s)
  -------------------------------------------------------------------    -------------------
                         (clock sys_clk_pin rise edge)
                                                      0.000     0.000 r  
    W5                                                0.000     0.000 r  clock (IN)
                         net (fo=0)                   0.000     0.000    clock
    W5                   IBUF (Prop_ibuf_I_O)         0.226     0.226 r  clock_IBUF_inst/O
                         net (fo=1, routed)           0.631     0.858    clock_IBUF
    BUFGCTRL_X0Y0        BUFG (Prop_bufg_I_O)         0.026     0.884 r  clock_IBUF_BUFG_inst/O
                         net (fo=1123, routed)        0.565     1.448    gameTop/gameLogic/clock_IBUF_BUFG
    SLICE_X15Y50         FDRE                                         r  gameTop/gameLogic/explosionX_1_reg[2]/C
  -------------------------------------------------------------------    -------------------
    SLICE_X15Y50         FDRE (Prop_fdre_C_Q)         0.141     1.589 r  gameTop/gameLogic/explosionX_1_reg[2]/Q
                         net (fo=2, routed)           0.263     1.852    gameTop/gameLogic/explosionX_1_reg[10]_0[2]
    SLICE_X15Y46         FDRE                                         r  gameTop/gameLogic/explosionX_2_reg[2]/D
  -------------------------------------------------------------------    -------------------

                         (clock sys_clk_pin rise edge)
                                                      0.000     0.000 r  
    W5                                                0.000     0.000 r  clock (IN)
                         net (fo=0)                   0.000     0.000    clock
    W5                   IBUF (Prop_ibuf_I_O)         0.414     0.414 r  clock_IBUF_inst/O
                         net (fo=1, routed)           0.685     1.099    clock_IBUF
    BUFGCTRL_X0Y0        BUFG (Prop_bufg_I_O)         0.029     1.128 r  clock_IBUF_BUFG_inst/O
                         net (fo=1123, routed)        0.836     1.963    gameTop/gameLogic/clock_IBUF_BUFG
    SLICE_X15Y46         FDRE                                         r  gameTop/gameLogic/explosionX_2_reg[2]/C
                         clock pessimism             -0.244     1.719    
    SLICE_X15Y46         FDRE (Hold_fdre_C_D)         0.070     1.789    gameTop/gameLogic/explosionX_2_reg[2]
  -------------------------------------------------------------------
                         required time                         -1.789    
                         arrival time                           1.852    
  -------------------------------------------------------------------
                         slack                                  0.063    

Slack (MET) :             0.065ns  (arrival time - required time)
  Source:                 gameTop/gameLogic/rocketY_2_reg[2]/C
                            (rising edge-triggered cell FDRE clocked by sys_clk_pin  {rise@0.000ns fall@5.000ns period=10.000ns})
  Destination:            gameTop/graphicEngineVGA/spriteYPositionReg_13_reg[2]/D
                            (rising edge-triggered cell FDRE clocked by sys_clk_pin  {rise@0.000ns fall@5.000ns period=10.000ns})
  Path Group:             sys_clk_pin
  Path Type:              Hold (Min at Fast Process Corner)
  Requirement:            0.000ns  (sys_clk_pin rise@0.000ns - sys_clk_pin rise@0.000ns)
  Data Path Delay:        0.407ns  (logic 0.141ns (34.662%)  route 0.266ns (65.338%))
  Logic Levels:           0  
  Clock Path Skew:        0.272ns (DCD - SCD - CPR)
    Destination Clock Delay (DCD):    1.962ns
    Source Clock Delay      (SCD):    1.446ns
    Clock Pessimism Removal (CPR):    0.244ns

    Location             Delay type                Incr(ns)  Path(ns)    Netlist Resource(s)
  -------------------------------------------------------------------    -------------------
                         (clock sys_clk_pin rise edge)
                                                      0.000     0.000 r  
    W5                                                0.000     0.000 r  clock (IN)
                         net (fo=0)                   0.000     0.000    clock
    W5                   IBUF (Prop_ibuf_I_O)         0.226     0.226 r  clock_IBUF_inst/O
                         net (fo=1, routed)           0.631     0.858    clock_IBUF
    BUFGCTRL_X0Y0        BUFG (Prop_bufg_I_O)         0.026     0.884 r  clock_IBUF_BUFG_inst/O
                         net (fo=1123, routed)        0.563     1.446    gameTop/gameLogic/clock_IBUF_BUFG
    SLICE_X44Y50         FDRE                                         r  gameTop/gameLogic/rocketY_2_reg[2]/C
  -------------------------------------------------------------------    -------------------
    SLICE_X44Y50         FDRE (Prop_fdre_C_Q)         0.141     1.587 r  gameTop/gameLogic/rocketY_2_reg[2]/Q
                         net (fo=2, routed)           0.266     1.853    gameTop/graphicEngineVGA/spriteYPositionReg_13_reg[9]_0[2]
    SLICE_X44Y47         FDRE                                         r  gameTop/graphicEngineVGA/spriteYPositionReg_13_reg[2]/D
  -------------------------------------------------------------------    -------------------

                         (clock sys_clk_pin rise edge)
                                                      0.000     0.000 r  
    W5                                                0.000     0.000 r  clock (IN)
                         net (fo=0)                   0.000     0.000    clock
    W5                   IBUF (Prop_ibuf_I_O)         0.414     0.414 r  clock_IBUF_inst/O
                         net (fo=1, routed)           0.685     1.099    clock_IBUF
    BUFGCTRL_X0Y0        BUFG (Prop_bufg_I_O)         0.029     1.128 r  clock_IBUF_BUFG_inst/O
                         net (fo=1123, routed)        0.835     1.962    gameTop/graphicEngineVGA/clock_IBUF_BUFG
    SLICE_X44Y47         FDRE                                         r  gameTop/graphicEngineVGA/spriteYPositionReg_13_reg[2]/C
                         clock pessimism             -0.244     1.718    
    SLICE_X44Y47         FDRE (Hold_fdre_C_D)         0.070     1.788    gameTop/graphicEngineVGA/spriteYPositionReg_13_reg[2]
  -------------------------------------------------------------------
                         required time                         -1.788    
                         arrival time                           1.853    
  -------------------------------------------------------------------
                         slack                                  0.065    

Slack (MET) :             0.078ns  (arrival time - required time)
  Source:                 gameTop/gameLogic/explosionY_1_reg[5]/C
                            (rising edge-triggered cell FDRE clocked by sys_clk_pin  {rise@0.000ns fall@5.000ns period=10.000ns})
  Destination:            gameTop/gameLogic/explosionY_2_reg[5]/D
                            (rising edge-triggered cell FDRE clocked by sys_clk_pin  {rise@0.000ns fall@5.000ns period=10.000ns})
  Path Group:             sys_clk_pin
  Path Type:              Hold (Min at Fast Process Corner)
  Requirement:            0.000ns  (sys_clk_pin rise@0.000ns - sys_clk_pin rise@0.000ns)
  Data Path Delay:        0.409ns  (logic 0.141ns (34.487%)  route 0.268ns (65.513%))
  Logic Levels:           0  
  Clock Path Skew:        0.272ns (DCD - SCD - CPR)
    Destination Clock Delay (DCD):    1.964ns
    Source Clock Delay      (SCD):    1.448ns
    Clock Pessimism Removal (CPR):    0.244ns

    Location             Delay type                Incr(ns)  Path(ns)    Netlist Resource(s)
  -------------------------------------------------------------------    -------------------
                         (clock sys_clk_pin rise edge)
                                                      0.000     0.000 r  
    W5                                                0.000     0.000 r  clock (IN)
                         net (fo=0)                   0.000     0.000    clock
    W5                   IBUF (Prop_ibuf_I_O)         0.226     0.226 r  clock_IBUF_inst/O
                         net (fo=1, routed)           0.631     0.858    clock_IBUF
    BUFGCTRL_X0Y0        BUFG (Prop_bufg_I_O)         0.026     0.884 r  clock_IBUF_BUFG_inst/O
                         net (fo=1123, routed)        0.565     1.448    gameTop/gameLogic/clock_IBUF_BUFG
    SLICE_X11Y50         FDRE                                         r  gameTop/gameLogic/explosionY_1_reg[5]/C
  -------------------------------------------------------------------    -------------------
    SLICE_X11Y50         FDRE (Prop_fdre_C_Q)         0.141     1.589 r  gameTop/gameLogic/explosionY_1_reg[5]/Q
                         net (fo=2, routed)           0.268     1.857    gameTop/gameLogic/explosionY_1_reg[8]_0[3]
    SLICE_X9Y47          FDRE                                         r  gameTop/gameLogic/explosionY_2_reg[5]/D
  -------------------------------------------------------------------    -------------------

                         (clock sys_clk_pin rise edge)
                                                      0.000     0.000 r  
    W5                                                0.000     0.000 r  clock (IN)
                         net (fo=0)                   0.000     0.000    clock
    W5                   IBUF (Prop_ibuf_I_O)         0.414     0.414 r  clock_IBUF_inst/O
                         net (fo=1, routed)           0.685     1.099    clock_IBUF
    BUFGCTRL_X0Y0        BUFG (Prop_bufg_I_O)         0.029     1.128 r  clock_IBUF_BUFG_inst/O
                         net (fo=1123, routed)        0.837     1.964    gameTop/gameLogic/clock_IBUF_BUFG
    SLICE_X9Y47          FDRE                                         r  gameTop/gameLogic/explosionY_2_reg[5]/C
                         clock pessimism             -0.244     1.720    
    SLICE_X9Y47          FDRE (Hold_fdre_C_D)         0.059     1.779    gameTop/gameLogic/explosionY_2_reg[5]
  -------------------------------------------------------------------
                         required time                         -1.779    
                         arrival time                           1.857    
  -------------------------------------------------------------------
                         slack                                  0.078    

Slack (MET) :             0.081ns  (arrival time - required time)
  Source:                 gameTop/gameLogic/rocketVX_2_reg/C
                            (rising edge-triggered cell FDRE clocked by sys_clk_pin  {rise@0.000ns fall@5.000ns period=10.000ns})
  Destination:            gameTop/gameLogic/rocketX_2_reg[0]/D
                            (rising edge-triggered cell FDRE clocked by sys_clk_pin  {rise@0.000ns fall@5.000ns period=10.000ns})
  Path Group:             sys_clk_pin
  Path Type:              Hold (Min at Fast Process Corner)
  Requirement:            0.000ns  (sys_clk_pin rise@0.000ns - sys_clk_pin rise@0.000ns)
  Data Path Delay:        0.459ns  (logic 0.279ns (60.832%)  route 0.180ns (39.168%))
  Logic Levels:           2  (CARRY4=1 LUT2=1)
  Clock Path Skew:        0.273ns (DCD - SCD - CPR)
    Destination Clock Delay (DCD):    1.965ns
    Source Clock Delay      (SCD):    1.448ns
    Clock Pessimism Removal (CPR):    0.244ns

    Location             Delay type                Incr(ns)  Path(ns)    Netlist Resource(s)
  -------------------------------------------------------------------    -------------------
                         (clock sys_clk_pin rise edge)
                                                      0.000     0.000 r  
    W5                                                0.000     0.000 r  clock (IN)
                         net (fo=0)                   0.000     0.000    clock
    W5                   IBUF (Prop_ibuf_I_O)         0.226     0.226 r  clock_IBUF_inst/O
                         net (fo=1, routed)           0.631     0.858    clock_IBUF
    BUFGCTRL_X0Y0        BUFG (Prop_bufg_I_O)         0.026     0.884 r  clock_IBUF_BUFG_inst/O
                         net (fo=1123, routed)        0.565     1.448    gameTop/gameLogic/clock_IBUF_BUFG
    SLICE_X52Y50         FDRE                                         r  gameTop/gameLogic/rocketVX_2_reg/C
  -------------------------------------------------------------------    -------------------
    SLICE_X52Y50         FDRE (Prop_fdre_C_Q)         0.164     1.612 r  gameTop/gameLogic/rocketVX_2_reg/Q
                         net (fo=1, routed)           0.180     1.792    gameTop/gameLogic/rocketVX_2
    SLICE_X51Y49         LUT2 (Prop_lut2_I1_O)        0.045     1.837 r  gameTop/gameLogic/rocketX_2[3]_i_5/O
                         net (fo=1, routed)           0.000     1.837    gameTop/gameLogic/rocketX_2[3]_i_5_n_0
    SLICE_X51Y49         CARRY4 (Prop_carry4_S[0]_O[0])
                                                      0.070     1.907 r  gameTop/gameLogic/rocketX_2_reg[3]_i_1/O[0]
                         net (fo=1, routed)           0.000     1.907    gameTop/gameLogic/_rocketX_2_T_5[0]
    SLICE_X51Y49         FDRE                                         r  gameTop/gameLogic/rocketX_2_reg[0]/D
  -------------------------------------------------------------------    -------------------

                         (clock sys_clk_pin rise edge)
                                                      0.000     0.000 r  
    W5                                                0.000     0.000 r  clock (IN)
                         net (fo=0)                   0.000     0.000    clock
    W5                   IBUF (Prop_ibuf_I_O)         0.414     0.414 r  clock_IBUF_inst/O
                         net (fo=1, routed)           0.685     1.099    clock_IBUF
    BUFGCTRL_X0Y0        BUFG (Prop_bufg_I_O)         0.029     1.128 r  clock_IBUF_BUFG_inst/O
                         net (fo=1123, routed)        0.838     1.965    gameTop/gameLogic/clock_IBUF_BUFG
    SLICE_X51Y49         FDRE                                         r  gameTop/gameLogic/rocketX_2_reg[0]/C
                         clock pessimism             -0.244     1.721    
    SLICE_X51Y49         FDRE (Hold_fdre_C_D)         0.105     1.826    gameTop/gameLogic/rocketX_2_reg[0]
  -------------------------------------------------------------------
                         required time                         -1.826    
                         arrival time                           1.907    
  -------------------------------------------------------------------
                         slack                                  0.081    





Pulse Width Checks
--------------------------------------------------------------------------------------
Clock Name:         sys_clk_pin
Waveform(ns):       { 0.000 5.000 }
Period(ns):         10.000
Sources:            { clock }

Check Type        Corner  Lib Pin             Reference Pin  Required(ns)  Actual(ns)  Slack(ns)  Location      Pin
Min Period        n/a     RAMB18E1/CLKARDCLK  n/a            2.576         10.000      7.424      RAMB18_X1Y28  gameTop/graphicEngineVGA/backBufferMemory/ramsSpWf/RAM_reg/CLKARDCLK
Min Period        n/a     RAMB18E1/CLKARDCLK  n/a            2.576         10.000      7.424      RAMB18_X1Y30  gameTop/graphicEngineVGA/backBufferRestoreMemory/ramsSpWf/RAM_reg/CLKARDCLK
Min Period        n/a     RAMB18E1/CLKARDCLK  n/a            2.576         10.000      7.424      RAMB18_X1Y31  gameTop/graphicEngineVGA/backBufferShadowMemory/ramsSpWf/RAM_reg/CLKARDCLK
Min Period        n/a     RAMB18E1/CLKARDCLK  n/a            2.576         10.000      7.424      RAMB18_X2Y18  gameTop/graphicEngineVGA/backTileMemories_0/ramsSpWf/RAM_reg/CLKARDCLK
Min Period        n/a     RAMB18E1/CLKARDCLK  n/a            2.576         10.000      7.424      RAMB18_X2Y17  gameTop/graphicEngineVGA/backTileMemories_1/ramsSpWf/RAM_reg/CLKARDCLK
Min Period        n/a     RAMB18E1/CLKARDCLK  n/a            2.576         10.000      7.424      RAMB18_X2Y14  gameTop/graphicEngineVGA/backTileMemories_15/ramsSpWf/RAM_reg/CLKARDCLK
Min Period        n/a     RAMB18E1/CLKARDCLK  n/a            2.576         10.000      7.424      RAMB18_X2Y19  gameTop/graphicEngineVGA/backTileMemories_2/ramsSpWf/RAM_reg/CLKARDCLK
Min Period        n/a     RAMB18E1/CLKARDCLK  n/a            2.576         10.000      7.424      RAMB18_X2Y15  gameTop/graphicEngineVGA/backTileMemories_3/ramsSpWf/RAM_reg/CLKARDCLK
Min Period        n/a     RAMB18E1/CLKARDCLK  n/a            2.576         10.000      7.424      RAMB18_X1Y14  gameTop/graphicEngineVGA/backTileMemories_4/ramsSpWf/RAM_reg/CLKARDCLK
Min Period        n/a     RAMB18E1/CLKARDCLK  n/a            2.576         10.000      7.424      RAMB18_X2Y16  gameTop/graphicEngineVGA/backTileMemories_5/ramsSpWf/RAM_reg/CLKARDCLK
Low Pulse Width   Slow    SRL16E/CLK          n/a            0.980         5.000       4.020      SLICE_X46Y57  gameTop/graphicEngineVGA/io_Hsync_pipeReg_1_reg_srl3/CLK
Low Pulse Width   Fast    SRL16E/CLK          n/a            0.980         5.000       4.020      SLICE_X46Y57  gameTop/graphicEngineVGA/io_Hsync_pipeReg_1_reg_srl3/CLK
Low Pulse Width   Slow    SRL16E/CLK          n/a            0.980         5.000       4.020      SLICE_X54Y42  gameTop/graphicEngineVGA/io_Vsync_pipeReg_1_reg_srl3/CLK
Low Pulse Width   Fast    SRL16E/CLK          n/a            0.980         5.000       4.020      SLICE_X54Y42  gameTop/graphicEngineVGA/io_Vsync_pipeReg_1_reg_srl3/CLK
Low Pulse Width   Slow    SRL16E/CLK          n/a            0.980         5.000       4.020      SLICE_X54Y42  gameTop/graphicEngineVGA/pixelColourVGA_pipeReg_1_reg_srl2/CLK
Low Pulse Width   Fast    SRL16E/CLK          n/a            0.980         5.000       4.020      SLICE_X54Y42  gameTop/graphicEngineVGA/pixelColourVGA_pipeReg_1_reg_srl2/CLK
Low Pulse Width   Slow    FDRE/C              n/a            0.500         5.000       4.500      SLICE_X47Y66  pipeResetReg_0_reg/C
Low Pulse Width   Fast    FDRE/C              n/a            0.500         5.000       4.500      SLICE_X47Y66  pipeResetReg_0_reg/C
Low Pulse Width   Slow    FDRE/C              n/a            0.500         5.000       4.500      SLICE_X47Y66  pipeResetReg_1_reg/C
Low Pulse Width   Fast    FDRE/C              n/a            0.500         5.000       4.500      SLICE_X47Y66  pipeResetReg_1_reg/C
High Pulse Width  Slow    SRL16E/CLK          n/a            0.980         5.000       4.020      SLICE_X46Y57  gameTop/graphicEngineVGA/io_Hsync_pipeReg_1_reg_srl3/CLK
High Pulse Width  Fast    SRL16E/CLK          n/a            0.980         5.000       4.020      SLICE_X46Y57  gameTop/graphicEngineVGA/io_Hsync_pipeReg_1_reg_srl3/CLK
High Pulse Width  Slow    SRL16E/CLK          n/a            0.980         5.000       4.020      SLICE_X54Y42  gameTop/graphicEngineVGA/io_Vsync_pipeReg_1_reg_srl3/CLK
High Pulse Width  Fast    SRL16E/CLK          n/a            0.980         5.000       4.020      SLICE_X54Y42  gameTop/graphicEngineVGA/io_Vsync_pipeReg_1_reg_srl3/CLK
High Pulse Width  Slow    SRL16E/CLK          n/a            0.980         5.000       4.020      SLICE_X54Y42  gameTop/graphicEngineVGA/pixelColourVGA_pipeReg_1_reg_srl2/CLK
High Pulse Width  Fast    SRL16E/CLK          n/a            0.980         5.000       4.020      SLICE_X54Y42  gameTop/graphicEngineVGA/pixelColourVGA_pipeReg_1_reg_srl2/CLK
High Pulse Width  Slow    FDRE/C              n/a            0.500         5.000       4.500      SLICE_X47Y66  pipeResetReg_0_reg/C
High Pulse Width  Fast    FDRE/C              n/a            0.500         5.000       4.500      SLICE_X47Y66  pipeResetReg_0_reg/C
High Pulse Width  Slow    FDRE/C              n/a            0.500         5.000       4.500      SLICE_X47Y66  pipeResetReg_1_reg/C
High Pulse Width  Fast    FDRE/C              n/a            0.500         5.000       4.500      SLICE_X47Y66  pipeResetReg_1_reg/C



--------------------------------------------------------------------------------------
Path Group:  (none)
From Clock:  sys_clk_pin
  To Clock:  

Max Delay            18 Endpoints
Min Delay            18 Endpoints
--------------------------------------------------------------------------------------


Max Delay Paths
--------------------------------------------------------------------------------------
Slack:                    inf
  Source:                 gameTop/gameLogic/ledActive_2_reg/C
                            (rising edge-triggered cell FDRE clocked by sys_clk_pin  {rise@0.000ns fall@5.000ns period=10.000ns})
  Destination:            io_led_2
                            (output port)
  Path Group:             (none)
  Path Type:              Max at Slow Process Corner
  Data Path Delay:        8.024ns  (logic 3.957ns (49.315%)  route 4.067ns (50.685%))
  Logic Levels:           1  (OBUF=1)
  Clock Uncertainty:      0.025ns  ((TSJ^2 + TIJ^2)^1/2 + DJ) / 2 + PE
    Total System Jitter     (TSJ):    0.050ns
    Total Input Jitter      (TIJ):    0.000ns
    Discrete Jitter          (DJ):    0.000ns
    Phase Error              (PE):    0.000ns

    Location             Delay type                Incr(ns)  Path(ns)    Netlist Resource(s)
  -------------------------------------------------------------------    -------------------
                         (clock sys_clk_pin rise edge)
                                                      0.000     0.000 r  
    W5                                                0.000     0.000 r  clock (IN)
                         net (fo=0)                   0.000     0.000    clock
    W5                   IBUF (Prop_ibuf_I_O)         1.458     1.458 r  clock_IBUF_inst/O
                         net (fo=1, routed)           1.967     3.425    clock_IBUF
    BUFGCTRL_X0Y0        BUFG (Prop_bufg_I_O)         0.096     3.521 r  clock_IBUF_BUFG_inst/O
                         net (fo=1123, routed)        1.558     5.079    gameTop/gameLogic/clock_IBUF_BUFG
    SLICE_X49Y54         FDRE                                         r  gameTop/gameLogic/ledActive_2_reg/C
  -------------------------------------------------------------------    -------------------
    SLICE_X49Y54         FDRE (Prop_fdre_C_Q)         0.456     5.535 r  gameTop/gameLogic/ledActive_2_reg/Q
                         net (fo=1, routed)           4.067     9.602    io_led_2_OBUF
    U19                  OBUF (Prop_obuf_I_O)         3.501    13.103 r  io_led_2_OBUF_inst/O
                         net (fo=0)                   0.000    13.103    io_led_2
    U19                                                               r  io_led_2 (OUT)
  -------------------------------------------------------------------    -------------------

Slack:                    inf
  Source:                 gameTop/graphicEngineVGA/io_Hsync_pipeReg_0_reg__0/C
                            (rising edge-triggered cell FDRE clocked by sys_clk_pin  {rise@0.000ns fall@5.000ns period=10.000ns})
  Destination:            io_Hsync
                            (output port)
  Path Group:             (none)
  Path Type:              Max at Slow Process Corner
  Data Path Delay:        7.879ns  (logic 4.146ns (52.618%)  route 3.733ns (47.382%))
  Logic Levels:           1  (OBUF=1)
  Clock Uncertainty:      0.025ns  ((TSJ^2 + TIJ^2)^1/2 + DJ) / 2 + PE
    Total System Jitter     (TSJ):    0.050ns
    Total Input Jitter      (TIJ):    0.000ns
    Discrete Jitter          (DJ):    0.000ns
    Phase Error              (PE):    0.000ns

    Location             Delay type                Incr(ns)  Path(ns)    Netlist Resource(s)
  -------------------------------------------------------------------    -------------------
                         (clock sys_clk_pin rise edge)
                                                      0.000     0.000 r  
    W5                                                0.000     0.000 r  clock (IN)
                         net (fo=0)                   0.000     0.000    clock
    W5                   IBUF (Prop_ibuf_I_O)         1.458     1.458 r  clock_IBUF_inst/O
                         net (fo=1, routed)           1.967     3.425    clock_IBUF
    BUFGCTRL_X0Y0        BUFG (Prop_bufg_I_O)         0.096     3.521 r  clock_IBUF_BUFG_inst/O
                         net (fo=1123, routed)        1.554     5.075    gameTop/graphicEngineVGA/clock_IBUF_BUFG
    SLICE_X46Y57         FDRE                                         r  gameTop/graphicEngineVGA/io_Hsync_pipeReg_0_reg__0/C
  -------------------------------------------------------------------    -------------------
    SLICE_X46Y57         FDRE (Prop_fdre_C_Q)         0.478     5.553 r  gameTop/graphicEngineVGA/io_Hsync_pipeReg_0_reg__0/Q
                         net (fo=1, routed)           3.733     9.286    io_Hsync_OBUF
    P19                  OBUF (Prop_obuf_I_O)         3.668    12.953 r  io_Hsync_OBUF_inst/O
                         net (fo=0)                   0.000    12.953    io_Hsync
    P19                                                               r  io_Hsync (OUT)
  -------------------------------------------------------------------    -------------------

Slack:                    inf
  Source:                 gameTop/graphicEngineVGA/io_Vsync_pipeReg_0_reg__0/C
                            (rising edge-triggered cell FDRE clocked by sys_clk_pin  {rise@0.000ns fall@5.000ns period=10.000ns})
  Destination:            io_Vsync
                            (output port)
  Path Group:             (none)
  Path Type:              Max at Slow Process Corner
  Data Path Delay:        7.777ns  (logic 4.152ns (53.391%)  route 3.625ns (46.609%))
  Logic Levels:           1  (OBUF=1)
  Clock Uncertainty:      0.025ns  ((TSJ^2 + TIJ^2)^1/2 + DJ) / 2 + PE
    Total System Jitter     (TSJ):    0.050ns
    Total Input Jitter      (TIJ):    0.000ns
    Discrete Jitter          (DJ):    0.000ns
    Phase Error              (PE):    0.000ns

    Location             Delay type                Incr(ns)  Path(ns)    Netlist Resource(s)
  -------------------------------------------------------------------    -------------------
                         (clock sys_clk_pin rise edge)
                                                      0.000     0.000 r  
    W5                                                0.000     0.000 r  clock (IN)
                         net (fo=0)                   0.000     0.000    clock
    W5                   IBUF (Prop_ibuf_I_O)         1.458     1.458 r  clock_IBUF_inst/O
                         net (fo=1, routed)           1.967     3.425    clock_IBUF
    BUFGCTRL_X0Y0        BUFG (Prop_bufg_I_O)         0.096     3.521 r  clock_IBUF_BUFG_inst/O
                         net (fo=1123, routed)        1.570     5.091    gameTop/graphicEngineVGA/clock_IBUF_BUFG
    SLICE_X54Y42         FDRE                                         r  gameTop/graphicEngineVGA/io_Vsync_pipeReg_0_reg__0/C
  -------------------------------------------------------------------    -------------------
    SLICE_X54Y42         FDRE (Prop_fdre_C_Q)         0.478     5.569 r  gameTop/graphicEngineVGA/io_Vsync_pipeReg_0_reg__0/Q
                         net (fo=1, routed)           3.625     9.194    io_Vsync_OBUF
    R19                  OBUF (Prop_obuf_I_O)         3.674    12.868 r  io_Vsync_OBUF_inst/O
                         net (fo=0)                   0.000    12.868    io_Vsync
    R19                                                               r  io_Vsync (OUT)
  -------------------------------------------------------------------    -------------------

Slack:                    inf
  Source:                 gameTop/graphicEngineVGA/io_vgaRed_REG_reg[3]/C
                            (rising edge-triggered cell FDRE clocked by sys_clk_pin  {rise@0.000ns fall@5.000ns period=10.000ns})
  Destination:            io_vgaRed[3]
                            (output port)
  Path Group:             (none)
  Path Type:              Max at Slow Process Corner
  Data Path Delay:        7.358ns  (logic 4.096ns (55.671%)  route 3.262ns (44.329%))
  Logic Levels:           1  (OBUF=1)
  Clock Uncertainty:      0.025ns  ((TSJ^2 + TIJ^2)^1/2 + DJ) / 2 + PE
    Total System Jitter     (TSJ):    0.050ns
    Total Input Jitter      (TIJ):    0.000ns
    Discrete Jitter          (DJ):    0.000ns
    Phase Error              (PE):    0.000ns

    Location             Delay type                Incr(ns)  Path(ns)    Netlist Resource(s)
  -------------------------------------------------------------------    -------------------
                         (clock sys_clk_pin rise edge)
                                                      0.000     0.000 r  
    W5                                                0.000     0.000 r  clock (IN)
                         net (fo=0)                   0.000     0.000    clock
    W5                   IBUF (Prop_ibuf_I_O)         1.458     1.458 r  clock_IBUF_inst/O
                         net (fo=1, routed)           1.967     3.425    clock_IBUF
    BUFGCTRL_X0Y0        BUFG (Prop_bufg_I_O)         0.096     3.521 r  clock_IBUF_BUFG_inst/O
                         net (fo=1123, routed)        1.569     5.090    gameTop/graphicEngineVGA/clock_IBUF_BUFG
    SLICE_X48Y41         FDRE                                         r  gameTop/graphicEngineVGA/io_vgaRed_REG_reg[3]/C
  -------------------------------------------------------------------    -------------------
    SLICE_X48Y41         FDRE (Prop_fdre_C_Q)         0.419     5.509 r  gameTop/graphicEngineVGA/io_vgaRed_REG_reg[3]/Q
                         net (fo=1, routed)           3.262     8.771    io_vgaRed_OBUF[1]
    N19                  OBUF (Prop_obuf_I_O)         3.677    12.449 r  io_vgaRed_OBUF[3]_inst/O
                         net (fo=0)                   0.000    12.449    io_vgaRed[3]
    N19                                                               r  io_vgaRed[3] (OUT)
  -------------------------------------------------------------------    -------------------

Slack:                    inf
  Source:                 gameTop/graphicEngineVGA/io_vgaBlue_REG_reg[2]/C
                            (rising edge-triggered cell FDRE clocked by sys_clk_pin  {rise@0.000ns fall@5.000ns period=10.000ns})
  Destination:            io_vgaBlue[2]
                            (output port)
  Path Group:             (none)
  Path Type:              Max at Slow Process Corner
  Data Path Delay:        7.331ns  (logic 3.975ns (54.218%)  route 3.356ns (45.782%))
  Logic Levels:           1  (OBUF=1)
  Clock Uncertainty:      0.025ns  ((TSJ^2 + TIJ^2)^1/2 + DJ) / 2 + PE
    Total System Jitter     (TSJ):    0.050ns
    Total Input Jitter      (TIJ):    0.000ns
    Discrete Jitter          (DJ):    0.000ns
    Phase Error              (PE):    0.000ns

    Location             Delay type                Incr(ns)  Path(ns)    Netlist Resource(s)
  -------------------------------------------------------------------    -------------------
                         (clock sys_clk_pin rise edge)
                                                      0.000     0.000 r  
    W5                                                0.000     0.000 r  clock (IN)
                         net (fo=0)                   0.000     0.000    clock
    W5                   IBUF (Prop_ibuf_I_O)         1.458     1.458 r  clock_IBUF_inst/O
                         net (fo=1, routed)           1.967     3.425    clock_IBUF
    BUFGCTRL_X0Y0        BUFG (Prop_bufg_I_O)         0.096     3.521 r  clock_IBUF_BUFG_inst/O
                         net (fo=1123, routed)        1.569     5.090    gameTop/graphicEngineVGA/clock_IBUF_BUFG
    SLICE_X48Y41         FDRE                                         r  gameTop/graphicEngineVGA/io_vgaBlue_REG_reg[2]/C
  -------------------------------------------------------------------    -------------------
    SLICE_X48Y41         FDRE (Prop_fdre_C_Q)         0.456     5.546 r  gameTop/graphicEngineVGA/io_vgaBlue_REG_reg[2]/Q
                         net (fo=1, routed)           3.356     8.903    io_vgaBlue_OBUF[0]
    K18                  OBUF (Prop_obuf_I_O)         3.519    12.421 r  io_vgaBlue_OBUF[2]_inst/O
                         net (fo=0)                   0.000    12.421    io_vgaBlue[2]
    K18                                                               r  io_vgaBlue[2] (OUT)
  -------------------------------------------------------------------    -------------------

Slack:                    inf
  Source:                 gameTop/graphicEngineVGA/io_vgaGreen_REG_reg[2]/C
                            (rising edge-triggered cell FDRE clocked by sys_clk_pin  {rise@0.000ns fall@5.000ns period=10.000ns})
  Destination:            io_vgaGreen[2]
                            (output port)
  Path Group:             (none)
  Path Type:              Max at Slow Process Corner
  Data Path Delay:        7.250ns  (logic 3.985ns (54.967%)  route 3.265ns (45.033%))
  Logic Levels:           1  (OBUF=1)
  Clock Uncertainty:      0.025ns  ((TSJ^2 + TIJ^2)^1/2 + DJ) / 2 + PE
    Total System Jitter     (TSJ):    0.050ns
    Total Input Jitter      (TIJ):    0.000ns
    Discrete Jitter          (DJ):    0.000ns
    Phase Error              (PE):    0.000ns

    Location             Delay type                Incr(ns)  Path(ns)    Netlist Resource(s)
  -------------------------------------------------------------------    -------------------
                         (clock sys_clk_pin rise edge)
                                                      0.000     0.000 r  
    W5                                                0.000     0.000 r  clock (IN)
                         net (fo=0)                   0.000     0.000    clock
    W5                   IBUF (Prop_ibuf_I_O)         1.458     1.458 r  clock_IBUF_inst/O
                         net (fo=1, routed)           1.967     3.425    clock_IBUF
    BUFGCTRL_X0Y0        BUFG (Prop_bufg_I_O)         0.096     3.521 r  clock_IBUF_BUFG_inst/O
                         net (fo=1123, routed)        1.569     5.090    gameTop/graphicEngineVGA/clock_IBUF_BUFG
    SLICE_X49Y41         FDRE                                         r  gameTop/graphicEngineVGA/io_vgaGreen_REG_reg[2]/C
  -------------------------------------------------------------------    -------------------
    SLICE_X49Y41         FDRE (Prop_fdre_C_Q)         0.456     5.546 r  gameTop/graphicEngineVGA/io_vgaGreen_REG_reg[2]/Q
                         net (fo=1, routed)           3.265     8.811    io_vgaGreen_OBUF[0]
    G17                  OBUF (Prop_obuf_I_O)         3.529    12.340 r  io_vgaGreen_OBUF[2]_inst/O
                         net (fo=0)                   0.000    12.340    io_vgaGreen[2]
    G17                                                               r  io_vgaGreen[2] (OUT)
  -------------------------------------------------------------------    -------------------

Slack:                    inf
  Source:                 gameTop/graphicEngineVGA/io_vgaRed_REG_reg[2]_lopt_replica/C
                            (rising edge-triggered cell FDRE clocked by sys_clk_pin  {rise@0.000ns fall@5.000ns period=10.000ns})
  Destination:            io_vgaRed[0]
                            (output port)
  Path Group:             (none)
  Path Type:              Max at Slow Process Corner
  Data Path Delay:        7.250ns  (logic 4.116ns (56.772%)  route 3.134ns (43.228%))
  Logic Levels:           1  (OBUF=1)
  Clock Uncertainty:      0.025ns  ((TSJ^2 + TIJ^2)^1/2 + DJ) / 2 + PE
    Total System Jitter     (TSJ):    0.050ns
    Total Input Jitter      (TIJ):    0.000ns
    Discrete Jitter          (DJ):    0.000ns
    Phase Error              (PE):    0.000ns

    Location             Delay type                Incr(ns)  Path(ns)    Netlist Resource(s)
  -------------------------------------------------------------------    -------------------
                         (clock sys_clk_pin rise edge)
                                                      0.000     0.000 r  
    W5                                                0.000     0.000 r  clock (IN)
                         net (fo=0)                   0.000     0.000    clock
    W5                   IBUF (Prop_ibuf_I_O)         1.458     1.458 r  clock_IBUF_inst/O
                         net (fo=1, routed)           1.967     3.425    clock_IBUF
    BUFGCTRL_X0Y0        BUFG (Prop_bufg_I_O)         0.096     3.521 r  clock_IBUF_BUFG_inst/O
                         net (fo=1123, routed)        1.569     5.090    gameTop/graphicEngineVGA/clock_IBUF_BUFG
    SLICE_X48Y41         FDRE                                         r  gameTop/graphicEngineVGA/io_vgaRed_REG_reg[2]_lopt_replica/C
  -------------------------------------------------------------------    -------------------
    SLICE_X48Y41         FDRE (Prop_fdre_C_Q)         0.419     5.509 r  gameTop/graphicEngineVGA/io_vgaRed_REG_reg[2]_lopt_replica/Q
                         net (fo=1, routed)           3.134     8.643    lopt_8
    G19                  OBUF (Prop_obuf_I_O)         3.697    12.340 r  io_vgaRed_OBUF[0]_inst/O
                         net (fo=0)                   0.000    12.340    io_vgaRed[0]
    G19                                                               r  io_vgaRed[0] (OUT)
  -------------------------------------------------------------------    -------------------

Slack:                    inf
  Source:                 gameTop/graphicEngineVGA/io_vgaGreen_REG_reg[3]/C
                            (rising edge-triggered cell FDRE clocked by sys_clk_pin  {rise@0.000ns fall@5.000ns period=10.000ns})
  Destination:            io_vgaGreen[3]
                            (output port)
  Path Group:             (none)
  Path Type:              Max at Slow Process Corner
  Data Path Delay:        7.206ns  (logic 3.986ns (55.321%)  route 3.220ns (44.679%))
  Logic Levels:           1  (OBUF=1)
  Clock Uncertainty:      0.025ns  ((TSJ^2 + TIJ^2)^1/2 + DJ) / 2 + PE
    Total System Jitter     (TSJ):    0.050ns
    Total Input Jitter      (TIJ):    0.000ns
    Discrete Jitter          (DJ):    0.000ns
    Phase Error              (PE):    0.000ns

    Location             Delay type                Incr(ns)  Path(ns)    Netlist Resource(s)
  -------------------------------------------------------------------    -------------------
                         (clock sys_clk_pin rise edge)
                                                      0.000     0.000 r  
    W5                                                0.000     0.000 r  clock (IN)
                         net (fo=0)                   0.000     0.000    clock
    W5                   IBUF (Prop_ibuf_I_O)         1.458     1.458 r  clock_IBUF_inst/O
                         net (fo=1, routed)           1.967     3.425    clock_IBUF
    BUFGCTRL_X0Y0        BUFG (Prop_bufg_I_O)         0.096     3.521 r  clock_IBUF_BUFG_inst/O
                         net (fo=1123, routed)        1.569     5.090    gameTop/graphicEngineVGA/clock_IBUF_BUFG
    SLICE_X49Y41         FDRE                                         r  gameTop/graphicEngineVGA/io_vgaGreen_REG_reg[3]/C
  -------------------------------------------------------------------    -------------------
    SLICE_X49Y41         FDRE (Prop_fdre_C_Q)         0.456     5.546 r  gameTop/graphicEngineVGA/io_vgaGreen_REG_reg[3]/Q
                         net (fo=1, routed)           3.220     8.766    io_vgaGreen_OBUF[1]
    D17                  OBUF (Prop_obuf_I_O)         3.530    12.296 r  io_vgaGreen_OBUF[3]_inst/O
                         net (fo=0)                   0.000    12.296    io_vgaGreen[3]
    D17                                                               r  io_vgaGreen[3] (OUT)
  -------------------------------------------------------------------    -------------------

Slack:                    inf
  Source:                 gameTop/graphicEngineVGA/io_vgaBlue_REG_reg[3]/C
                            (rising edge-triggered cell FDRE clocked by sys_clk_pin  {rise@0.000ns fall@5.000ns period=10.000ns})
  Destination:            io_vgaBlue[3]
                            (output port)
  Path Group:             (none)
  Path Type:              Max at Slow Process Corner
  Data Path Delay:        7.179ns  (logic 3.981ns (55.448%)  route 3.198ns (44.552%))
  Logic Levels:           1  (OBUF=1)
  Clock Uncertainty:      0.025ns  ((TSJ^2 + TIJ^2)^1/2 + DJ) / 2 + PE
    Total System Jitter     (TSJ):    0.050ns
    Total Input Jitter      (TIJ):    0.000ns
    Discrete Jitter          (DJ):    0.000ns
    Phase Error              (PE):    0.000ns

    Location             Delay type                Incr(ns)  Path(ns)    Netlist Resource(s)
  -------------------------------------------------------------------    -------------------
                         (clock sys_clk_pin rise edge)
                                                      0.000     0.000 r  
    W5                                                0.000     0.000 r  clock (IN)
                         net (fo=0)                   0.000     0.000    clock
    W5                   IBUF (Prop_ibuf_I_O)         1.458     1.458 r  clock_IBUF_inst/O
                         net (fo=1, routed)           1.967     3.425    clock_IBUF
    BUFGCTRL_X0Y0        BUFG (Prop_bufg_I_O)         0.096     3.521 r  clock_IBUF_BUFG_inst/O
                         net (fo=1123, routed)        1.569     5.090    gameTop/graphicEngineVGA/clock_IBUF_BUFG
    SLICE_X48Y41         FDRE                                         r  gameTop/graphicEngineVGA/io_vgaBlue_REG_reg[3]/C
  -------------------------------------------------------------------    -------------------
    SLICE_X48Y41         FDRE (Prop_fdre_C_Q)         0.456     5.546 r  gameTop/graphicEngineVGA/io_vgaBlue_REG_reg[3]/Q
                         net (fo=1, routed)           3.198     8.745    io_vgaBlue_OBUF[1]
    J18                  OBUF (Prop_obuf_I_O)         3.525    12.269 r  io_vgaBlue_OBUF[3]_inst/O
                         net (fo=0)                   0.000    12.269    io_vgaBlue[3]
    J18                                                               r  io_vgaBlue[3] (OUT)
  -------------------------------------------------------------------    -------------------

Slack:                    inf
  Source:                 gameTop/graphicEngineVGA/io_vgaBlue_REG_reg[2]_lopt_replica/C
                            (rising edge-triggered cell FDRE clocked by sys_clk_pin  {rise@0.000ns fall@5.000ns period=10.000ns})
  Destination:            io_vgaBlue[0]
                            (output port)
  Path Group:             (none)
  Path Type:              Max at Slow Process Corner
  Data Path Delay:        7.158ns  (logic 3.951ns (55.201%)  route 3.207ns (44.799%))
  Logic Levels:           1  (OBUF=1)
  Clock Uncertainty:      0.025ns  ((TSJ^2 + TIJ^2)^1/2 + DJ) / 2 + PE
    Total System Jitter     (TSJ):    0.050ns
    Total Input Jitter      (TIJ):    0.000ns
    Discrete Jitter          (DJ):    0.000ns
    Phase Error              (PE):    0.000ns

    Location             Delay type                Incr(ns)  Path(ns)    Netlist Resource(s)
  -------------------------------------------------------------------    -------------------
                         (clock sys_clk_pin rise edge)
                                                      0.000     0.000 r  
    W5                                                0.000     0.000 r  clock (IN)
                         net (fo=0)                   0.000     0.000    clock
    W5                   IBUF (Prop_ibuf_I_O)         1.458     1.458 r  clock_IBUF_inst/O
                         net (fo=1, routed)           1.967     3.425    clock_IBUF
    BUFGCTRL_X0Y0        BUFG (Prop_bufg_I_O)         0.096     3.521 r  clock_IBUF_BUFG_inst/O
                         net (fo=1123, routed)        1.569     5.090    gameTop/graphicEngineVGA/clock_IBUF_BUFG
    SLICE_X48Y41         FDRE                                         r  gameTop/graphicEngineVGA/io_vgaBlue_REG_reg[2]_lopt_replica/C
  -------------------------------------------------------------------    -------------------
    SLICE_X48Y41         FDRE (Prop_fdre_C_Q)         0.456     5.546 r  gameTop/graphicEngineVGA/io_vgaBlue_REG_reg[2]_lopt_replica/Q
                         net (fo=1, routed)           3.207     8.753    lopt
    N18                  OBUF (Prop_obuf_I_O)         3.495    12.248 r  io_vgaBlue_OBUF[0]_inst/O
                         net (fo=0)                   0.000    12.248    io_vgaBlue[0]
    N18                                                               r  io_vgaBlue[0] (OUT)
  -------------------------------------------------------------------    -------------------





Min Delay Paths
--------------------------------------------------------------------------------------
Slack:                    inf
  Source:                 gameTop/graphicEngineVGA/viewBoxOutOfRangeErrorReg_reg/C
                            (rising edge-triggered cell FDRE clocked by sys_clk_pin  {rise@0.000ns fall@5.000ns period=10.000ns})
  Destination:            io_viewBoxOutOfRangeError
                            (output port)
  Path Group:             (none)
  Path Type:              Min at Fast Process Corner
  Data Path Delay:        2.250ns  (logic 1.372ns (60.989%)  route 0.878ns (39.011%))
  Logic Levels:           1  (OBUF=1)
  Clock Uncertainty:      0.025ns  ((TSJ^2 + TIJ^2)^1/2 + DJ) / 2 + PE
    Total System Jitter     (TSJ):    0.050ns
    Total Input Jitter      (TIJ):    0.000ns
    Discrete Jitter          (DJ):    0.000ns
    Phase Error              (PE):    0.000ns

    Location             Delay type                Incr(ns)  Path(ns)    Netlist Resource(s)
  -------------------------------------------------------------------    -------------------
                         (clock sys_clk_pin rise edge)
                                                      0.000     0.000 r  
    W5                                                0.000     0.000 r  clock (IN)
                         net (fo=0)                   0.000     0.000    clock
    W5                   IBUF (Prop_ibuf_I_O)         0.226     0.226 r  clock_IBUF_inst/O
                         net (fo=1, routed)           0.631     0.858    clock_IBUF
    BUFGCTRL_X0Y0        BUFG (Prop_bufg_I_O)         0.026     0.884 r  clock_IBUF_BUFG_inst/O
                         net (fo=1123, routed)        0.563     1.446    gameTop/graphicEngineVGA/clock_IBUF_BUFG
    SLICE_X50Y59         FDRE                                         r  gameTop/graphicEngineVGA/viewBoxOutOfRangeErrorReg_reg/C
  -------------------------------------------------------------------    -------------------
    SLICE_X50Y59         FDRE (Prop_fdre_C_Q)         0.164     1.610 r  gameTop/graphicEngineVGA/viewBoxOutOfRangeErrorReg_reg/Q
                         net (fo=2, routed)           0.878     2.488    io_viewBoxOutOfRangeError_OBUF
    N3                   OBUF (Prop_obuf_I_O)         1.208     3.697 r  io_viewBoxOutOfRangeError_OBUF_inst/O
                         net (fo=0)                   0.000     3.697    io_viewBoxOutOfRangeError
    N3                                                                r  io_viewBoxOutOfRangeError (OUT)
  -------------------------------------------------------------------    -------------------

Slack:                    inf
  Source:                 gameTop/gameLogic/ledActive_1_reg/C
                            (rising edge-triggered cell FDRE clocked by sys_clk_pin  {rise@0.000ns fall@5.000ns period=10.000ns})
  Destination:            io_led_1
                            (output port)
  Path Group:             (none)
  Path Type:              Min at Fast Process Corner
  Data Path Delay:        2.275ns  (logic 1.372ns (60.299%)  route 0.903ns (39.701%))
  Logic Levels:           1  (OBUF=1)
  Clock Uncertainty:      0.025ns  ((TSJ^2 + TIJ^2)^1/2 + DJ) / 2 + PE
    Total System Jitter     (TSJ):    0.050ns
    Total Input Jitter      (TIJ):    0.000ns
    Discrete Jitter          (DJ):    0.000ns
    Phase Error              (PE):    0.000ns

    Location             Delay type                Incr(ns)  Path(ns)    Netlist Resource(s)
  -------------------------------------------------------------------    -------------------
                         (clock sys_clk_pin rise edge)
                                                      0.000     0.000 r  
    W5                                                0.000     0.000 r  clock (IN)
                         net (fo=0)                   0.000     0.000    clock
    W5                   IBUF (Prop_ibuf_I_O)         0.226     0.226 r  clock_IBUF_inst/O
                         net (fo=1, routed)           0.631     0.858    clock_IBUF
    BUFGCTRL_X0Y0        BUFG (Prop_bufg_I_O)         0.026     0.884 r  clock_IBUF_BUFG_inst/O
                         net (fo=1123, routed)        0.561     1.444    gameTop/gameLogic/clock_IBUF_BUFG
    SLICE_X31Y53         FDRE                                         r  gameTop/gameLogic/ledActive_1_reg/C
  -------------------------------------------------------------------    -------------------
    SLICE_X31Y53         FDRE (Prop_fdre_C_Q)         0.141     1.585 r  gameTop/gameLogic/ledActive_1_reg/Q
                         net (fo=1, routed)           0.903     2.488    io_led_1_OBUF
    E19                  OBUF (Prop_obuf_I_O)         1.231     3.719 r  io_led_1_OBUF_inst/O
                         net (fo=0)                   0.000     3.719    io_led_1
    E19                                                               r  io_led_1 (OUT)
  -------------------------------------------------------------------    -------------------

Slack:                    inf
  Source:                 gameTop/graphicEngineVGA/missingFrameErrorReg_reg/C
                            (rising edge-triggered cell FDRE clocked by sys_clk_pin  {rise@0.000ns fall@5.000ns period=10.000ns})
  Destination:            io_missingFrameError
                            (output port)
  Path Group:             (none)
  Path Type:              Min at Fast Process Corner
  Data Path Delay:        2.310ns  (logic 1.386ns (60.012%)  route 0.924ns (39.988%))
  Logic Levels:           1  (OBUF=1)
  Clock Uncertainty:      0.025ns  ((TSJ^2 + TIJ^2)^1/2 + DJ) / 2 + PE
    Total System Jitter     (TSJ):    0.050ns
    Total Input Jitter      (TIJ):    0.000ns
    Discrete Jitter          (DJ):    0.000ns
    Phase Error              (PE):    0.000ns

    Location             Delay type                Incr(ns)  Path(ns)    Netlist Resource(s)
  -------------------------------------------------------------------    -------------------
                         (clock sys_clk_pin rise edge)
                                                      0.000     0.000 r  
    W5                                                0.000     0.000 r  clock (IN)
                         net (fo=0)                   0.000     0.000    clock
    W5                   IBUF (Prop_ibuf_I_O)         0.226     0.226 r  clock_IBUF_inst/O
                         net (fo=1, routed)           0.631     0.858    clock_IBUF
    BUFGCTRL_X0Y0        BUFG (Prop_bufg_I_O)         0.026     0.884 r  clock_IBUF_BUFG_inst/O
                         net (fo=1123, routed)        0.562     1.445    gameTop/graphicEngineVGA/clock_IBUF_BUFG
    SLICE_X50Y61         FDRE                                         r  gameTop/graphicEngineVGA/missingFrameErrorReg_reg/C
  -------------------------------------------------------------------    -------------------
    SLICE_X50Y61         FDRE (Prop_fdre_C_Q)         0.164     1.609 r  gameTop/graphicEngineVGA/missingFrameErrorReg_reg/Q
                         net (fo=2, routed)           0.924     2.533    io_missingFrameError_OBUF
    L1                   OBUF (Prop_obuf_I_O)         1.222     3.755 r  io_missingFrameError_OBUF_inst/O
                         net (fo=0)                   0.000     3.755    io_missingFrameError
    L1                                                                r  io_missingFrameError (OUT)
  -------------------------------------------------------------------    -------------------

Slack:                    inf
  Source:                 gameTop/graphicEngineVGA/io_vgaRed_REG_reg[3]_lopt_replica/C
                            (rising edge-triggered cell FDRE clocked by sys_clk_pin  {rise@0.000ns fall@5.000ns period=10.000ns})
  Destination:            io_vgaRed[1]
                            (output port)
  Path Group:             (none)
  Path Type:              Min at Fast Process Corner
  Data Path Delay:        2.324ns  (logic 1.401ns (60.286%)  route 0.923ns (39.714%))
  Logic Levels:           1  (OBUF=1)
  Clock Uncertainty:      0.025ns  ((TSJ^2 + TIJ^2)^1/2 + DJ) / 2 + PE
    Total System Jitter     (TSJ):    0.050ns
    Total Input Jitter      (TIJ):    0.000ns
    Discrete Jitter          (DJ):    0.000ns
    Phase Error              (PE):    0.000ns

    Location             Delay type                Incr(ns)  Path(ns)    Netlist Resource(s)
  -------------------------------------------------------------------    -------------------
                         (clock sys_clk_pin rise edge)
                                                      0.000     0.000 r  
    W5                                                0.000     0.000 r  clock (IN)
                         net (fo=0)                   0.000     0.000    clock
    W5                   IBUF (Prop_ibuf_I_O)         0.226     0.226 r  clock_IBUF_inst/O
                         net (fo=1, routed)           0.631     0.858    clock_IBUF
    BUFGCTRL_X0Y0        BUFG (Prop_bufg_I_O)         0.026     0.884 r  clock_IBUF_BUFG_inst/O
                         net (fo=1123, routed)        0.565     1.448    gameTop/graphicEngineVGA/clock_IBUF_BUFG
    SLICE_X49Y41         FDRE                                         r  gameTop/graphicEngineVGA/io_vgaRed_REG_reg[3]_lopt_replica/C
  -------------------------------------------------------------------    -------------------
    SLICE_X49Y41         FDRE (Prop_fdre_C_Q)         0.128     1.576 r  gameTop/graphicEngineVGA/io_vgaRed_REG_reg[3]_lopt_replica/Q
                         net (fo=1, routed)           0.923     2.499    lopt_10
    H19                  OBUF (Prop_obuf_I_O)         1.273     3.773 r  io_vgaRed_OBUF[1]_inst/O
                         net (fo=0)                   0.000     3.773    io_vgaRed[1]
    H19                                                               r  io_vgaRed[1] (OUT)
  -------------------------------------------------------------------    -------------------

Slack:                    inf
  Source:                 gameTop/graphicEngineVGA/io_vgaRed_REG_reg[2]/C
                            (rising edge-triggered cell FDRE clocked by sys_clk_pin  {rise@0.000ns fall@5.000ns period=10.000ns})
  Destination:            io_vgaRed[2]
                            (output port)
  Path Group:             (none)
  Path Type:              Min at Fast Process Corner
  Data Path Delay:        2.338ns  (logic 1.406ns (60.129%)  route 0.932ns (39.871%))
  Logic Levels:           1  (OBUF=1)
  Clock Uncertainty:      0.025ns  ((TSJ^2 + TIJ^2)^1/2 + DJ) / 2 + PE
    Total System Jitter     (TSJ):    0.050ns
    Total Input Jitter      (TIJ):    0.000ns
    Discrete Jitter          (DJ):    0.000ns
    Phase Error              (PE):    0.000ns

    Location             Delay type                Incr(ns)  Path(ns)    Netlist Resource(s)
  -------------------------------------------------------------------    -------------------
                         (clock sys_clk_pin rise edge)
                                                      0.000     0.000 r  
    W5                                                0.000     0.000 r  clock (IN)
                         net (fo=0)                   0.000     0.000    clock
    W5                   IBUF (Prop_ibuf_I_O)         0.226     0.226 r  clock_IBUF_inst/O
                         net (fo=1, routed)           0.631     0.858    clock_IBUF
    BUFGCTRL_X0Y0        BUFG (Prop_bufg_I_O)         0.026     0.884 r  clock_IBUF_BUFG_inst/O
                         net (fo=1123, routed)        0.565     1.448    gameTop/graphicEngineVGA/clock_IBUF_BUFG
    SLICE_X48Y41         FDRE                                         r  gameTop/graphicEngineVGA/io_vgaRed_REG_reg[2]/C
  -------------------------------------------------------------------    -------------------
    SLICE_X48Y41         FDRE (Prop_fdre_C_Q)         0.128     1.576 r  gameTop/graphicEngineVGA/io_vgaRed_REG_reg[2]/Q
                         net (fo=1, routed)           0.932     2.508    io_vgaRed_OBUF[0]
    J19                  OBUF (Prop_obuf_I_O)         1.278     3.786 r  io_vgaRed_OBUF[2]_inst/O
                         net (fo=0)                   0.000     3.786    io_vgaRed[2]
    J19                                                               r  io_vgaRed[2] (OUT)
  -------------------------------------------------------------------    -------------------

Slack:                    inf
  Source:                 gameTop/graphicEngineVGA/io_vgaBlue_REG_reg[3]_lopt_replica/C
                            (rising edge-triggered cell FDRE clocked by sys_clk_pin  {rise@0.000ns fall@5.000ns period=10.000ns})
  Destination:            io_vgaBlue[1]
                            (output port)
  Path Group:             (none)
  Path Type:              Min at Fast Process Corner
  Data Path Delay:        2.359ns  (logic 1.346ns (57.029%)  route 1.014ns (42.971%))
  Logic Levels:           1  (OBUF=1)
  Clock Uncertainty:      0.025ns  ((TSJ^2 + TIJ^2)^1/2 + DJ) / 2 + PE
    Total System Jitter     (TSJ):    0.050ns
    Total Input Jitter      (TIJ):    0.000ns
    Discrete Jitter          (DJ):    0.000ns
    Phase Error              (PE):    0.000ns

    Location             Delay type                Incr(ns)  Path(ns)    Netlist Resource(s)
  -------------------------------------------------------------------    -------------------
                         (clock sys_clk_pin rise edge)
                                                      0.000     0.000 r  
    W5                                                0.000     0.000 r  clock (IN)
                         net (fo=0)                   0.000     0.000    clock
    W5                   IBUF (Prop_ibuf_I_O)         0.226     0.226 r  clock_IBUF_inst/O
                         net (fo=1, routed)           0.631     0.858    clock_IBUF
    BUFGCTRL_X0Y0        BUFG (Prop_bufg_I_O)         0.026     0.884 r  clock_IBUF_BUFG_inst/O
                         net (fo=1123, routed)        0.565     1.448    gameTop/graphicEngineVGA/clock_IBUF_BUFG
    SLICE_X48Y41         FDRE                                         r  gameTop/graphicEngineVGA/io_vgaBlue_REG_reg[3]_lopt_replica/C
  -------------------------------------------------------------------    -------------------
    SLICE_X48Y41         FDRE (Prop_fdre_C_Q)         0.141     1.589 r  gameTop/graphicEngineVGA/io_vgaBlue_REG_reg[3]_lopt_replica/Q
                         net (fo=1, routed)           1.014     2.603    lopt_2
    L18                  OBUF (Prop_obuf_I_O)         1.205     3.807 r  io_vgaBlue_OBUF[1]_inst/O
                         net (fo=0)                   0.000     3.807    io_vgaBlue[1]
    L18                                                               r  io_vgaBlue[1] (OUT)
  -------------------------------------------------------------------    -------------------

Slack:                    inf
  Source:                 gameTop/graphicEngineVGA/io_vgaGreen_REG_reg[2]_lopt_replica/C
                            (rising edge-triggered cell FDRE clocked by sys_clk_pin  {rise@0.000ns fall@5.000ns period=10.000ns})
  Destination:            io_vgaGreen[0]
                            (output port)
  Path Group:             (none)
  Path Type:              Min at Fast Process Corner
  Data Path Delay:        2.417ns  (logic 1.363ns (56.380%)  route 1.054ns (43.620%))
  Logic Levels:           1  (OBUF=1)
  Clock Uncertainty:      0.025ns  ((TSJ^2 + TIJ^2)^1/2 + DJ) / 2 + PE
    Total System Jitter     (TSJ):    0.050ns
    Total Input Jitter      (TIJ):    0.000ns
    Discrete Jitter          (DJ):    0.000ns
    Phase Error              (PE):    0.000ns

    Location             Delay type                Incr(ns)  Path(ns)    Netlist Resource(s)
  -------------------------------------------------------------------    -------------------
                         (clock sys_clk_pin rise edge)
                                                      0.000     0.000 r  
    W5                                                0.000     0.000 r  clock (IN)
                         net (fo=0)                   0.000     0.000    clock
    W5                   IBUF (Prop_ibuf_I_O)         0.226     0.226 r  clock_IBUF_inst/O
                         net (fo=1, routed)           0.631     0.858    clock_IBUF
    BUFGCTRL_X0Y0        BUFG (Prop_bufg_I_O)         0.026     0.884 r  clock_IBUF_BUFG_inst/O
                         net (fo=1123, routed)        0.565     1.448    gameTop/graphicEngineVGA/clock_IBUF_BUFG
    SLICE_X49Y41         FDRE                                         r  gameTop/graphicEngineVGA/io_vgaGreen_REG_reg[2]_lopt_replica/C
  -------------------------------------------------------------------    -------------------
    SLICE_X49Y41         FDRE (Prop_fdre_C_Q)         0.141     1.589 r  gameTop/graphicEngineVGA/io_vgaGreen_REG_reg[2]_lopt_replica/Q
                         net (fo=1, routed)           1.054     2.644    lopt_4
    J17                  OBUF (Prop_obuf_I_O)         1.222     3.865 r  io_vgaGreen_OBUF[0]_inst/O
                         net (fo=0)                   0.000     3.865    io_vgaGreen[0]
    J17                                                               r  io_vgaGreen[0] (OUT)
  -------------------------------------------------------------------    -------------------

Slack:                    inf
  Source:                 gameTop/graphicEngineVGA/io_vgaGreen_REG_reg[3]_lopt_replica/C
                            (rising edge-triggered cell FDRE clocked by sys_clk_pin  {rise@0.000ns fall@5.000ns period=10.000ns})
  Destination:            io_vgaGreen[1]
                            (output port)
  Path Group:             (none)
  Path Type:              Min at Fast Process Corner
  Data Path Delay:        2.419ns  (logic 1.348ns (55.698%)  route 1.072ns (44.302%))
  Logic Levels:           1  (OBUF=1)
  Clock Uncertainty:      0.025ns  ((TSJ^2 + TIJ^2)^1/2 + DJ) / 2 + PE
    Total System Jitter     (TSJ):    0.050ns
    Total Input Jitter      (TIJ):    0.000ns
    Discrete Jitter          (DJ):    0.000ns
    Phase Error              (PE):    0.000ns

    Location             Delay type                Incr(ns)  Path(ns)    Netlist Resource(s)
  -------------------------------------------------------------------    -------------------
                         (clock sys_clk_pin rise edge)
                                                      0.000     0.000 r  
    W5                                                0.000     0.000 r  clock (IN)
                         net (fo=0)                   0.000     0.000    clock
    W5                   IBUF (Prop_ibuf_I_O)         0.226     0.226 r  clock_IBUF_inst/O
                         net (fo=1, routed)           0.631     0.858    clock_IBUF
    BUFGCTRL_X0Y0        BUFG (Prop_bufg_I_O)         0.026     0.884 r  clock_IBUF_BUFG_inst/O
                         net (fo=1123, routed)        0.565     1.448    gameTop/graphicEngineVGA/clock_IBUF_BUFG
    SLICE_X49Y41         FDRE                                         r  gameTop/graphicEngineVGA/io_vgaGreen_REG_reg[3]_lopt_replica/C
  -------------------------------------------------------------------    -------------------
    SLICE_X49Y41         FDRE (Prop_fdre_C_Q)         0.141     1.589 r  gameTop/graphicEngineVGA/io_vgaGreen_REG_reg[3]_lopt_replica/Q
                         net (fo=1, routed)           1.072     2.661    lopt_6
    H17                  OBUF (Prop_obuf_I_O)         1.207     3.868 r  io_vgaGreen_OBUF[1]_inst/O
                         net (fo=0)                   0.000     3.868    io_vgaGreen[1]
    H17                                                               r  io_vgaGreen[1] (OUT)
  -------------------------------------------------------------------    -------------------

Slack:                    inf
  Source:                 gameTop/graphicEngineVGA/io_vgaBlue_REG_reg[2]_lopt_replica/C
                            (rising edge-triggered cell FDRE clocked by sys_clk_pin  {rise@0.000ns fall@5.000ns period=10.000ns})
  Destination:            io_vgaBlue[0]
                            (output port)
  Path Group:             (none)
  Path Type:              Min at Fast Process Corner
  Data Path Delay:        2.449ns  (logic 1.338ns (54.610%)  route 1.112ns (45.390%))
  Logic Levels:           1  (OBUF=1)
  Clock Uncertainty:      0.025ns  ((TSJ^2 + TIJ^2)^1/2 + DJ) / 2 + PE
    Total System Jitter     (TSJ):    0.050ns
    Total Input Jitter      (TIJ):    0.000ns
    Discrete Jitter          (DJ):    0.000ns
    Phase Error              (PE):    0.000ns

    Location             Delay type                Incr(ns)  Path(ns)    Netlist Resource(s)
  -------------------------------------------------------------------    -------------------
                         (clock sys_clk_pin rise edge)
                                                      0.000     0.000 r  
    W5                                                0.000     0.000 r  clock (IN)
                         net (fo=0)                   0.000     0.000    clock
    W5                   IBUF (Prop_ibuf_I_O)         0.226     0.226 r  clock_IBUF_inst/O
                         net (fo=1, routed)           0.631     0.858    clock_IBUF
    BUFGCTRL_X0Y0        BUFG (Prop_bufg_I_O)         0.026     0.884 r  clock_IBUF_BUFG_inst/O
                         net (fo=1123, routed)        0.565     1.448    gameTop/graphicEngineVGA/clock_IBUF_BUFG
    SLICE_X48Y41         FDRE                                         r  gameTop/graphicEngineVGA/io_vgaBlue_REG_reg[2]_lopt_replica/C
  -------------------------------------------------------------------    -------------------
    SLICE_X48Y41         FDRE (Prop_fdre_C_Q)         0.141     1.589 r  gameTop/graphicEngineVGA/io_vgaBlue_REG_reg[2]_lopt_replica/Q
                         net (fo=1, routed)           1.112     2.701    lopt
    N18                  OBUF (Prop_obuf_I_O)         1.197     3.897 r  io_vgaBlue_OBUF[0]_inst/O
                         net (fo=0)                   0.000     3.897    io_vgaBlue[0]
    N18                                                               r  io_vgaBlue[0] (OUT)
  -------------------------------------------------------------------    -------------------

Slack:                    inf
  Source:                 gameTop/graphicEngineVGA/io_vgaGreen_REG_reg[2]/C
                            (rising edge-triggered cell FDRE clocked by sys_clk_pin  {rise@0.000ns fall@5.000ns period=10.000ns})
  Destination:            io_vgaGreen[2]
                            (output port)
  Path Group:             (none)
  Path Type:              Min at Fast Process Corner
  Data Path Delay:        2.472ns  (logic 1.371ns (55.464%)  route 1.101ns (44.536%))
  Logic Levels:           1  (OBUF=1)
  Clock Uncertainty:      0.025ns  ((TSJ^2 + TIJ^2)^1/2 + DJ) / 2 + PE
    Total System Jitter     (TSJ):    0.050ns
    Total Input Jitter      (TIJ):    0.000ns
    Discrete Jitter          (DJ):    0.000ns
    Phase Error              (PE):    0.000ns

    Location             Delay type                Incr(ns)  Path(ns)    Netlist Resource(s)
  -------------------------------------------------------------------    -------------------
                         (clock sys_clk_pin rise edge)
                                                      0.000     0.000 r  
    W5                                                0.000     0.000 r  clock (IN)
                         net (fo=0)                   0.000     0.000    clock
    W5                   IBUF (Prop_ibuf_I_O)         0.226     0.226 r  clock_IBUF_inst/O
                         net (fo=1, routed)           0.631     0.858    clock_IBUF
    BUFGCTRL_X0Y0        BUFG (Prop_bufg_I_O)         0.026     0.884 r  clock_IBUF_BUFG_inst/O
                         net (fo=1123, routed)        0.565     1.448    gameTop/graphicEngineVGA/clock_IBUF_BUFG
    SLICE_X49Y41         FDRE                                         r  gameTop/graphicEngineVGA/io_vgaGreen_REG_reg[2]/C
  -------------------------------------------------------------------    -------------------
    SLICE_X49Y41         FDRE (Prop_fdre_C_Q)         0.141     1.589 r  gameTop/graphicEngineVGA/io_vgaGreen_REG_reg[2]/Q
                         net (fo=1, routed)           1.101     2.690    io_vgaGreen_OBUF[0]
    G17                  OBUF (Prop_obuf_I_O)         1.230     3.920 r  io_vgaGreen_OBUF[2]_inst/O
                         net (fo=0)                   0.000     3.920    io_vgaGreen[2]
    G17                                                               r  io_vgaGreen[2] (OUT)
  -------------------------------------------------------------------    -------------------





--------------------------------------------------------------------------------------
Path Group:  (none)
From Clock:  
  To Clock:  sys_clk_pin

Max Delay             5 Endpoints
Min Delay             5 Endpoints
--------------------------------------------------------------------------------------


Max Delay Paths
--------------------------------------------------------------------------------------
Slack:                    inf
  Source:                 io_btnR
                            (input port)
  Destination:            gameTop/btnRState_pipeReg_2_reg/D
                            (rising edge-triggered cell FDRE clocked by sys_clk_pin  {rise@0.000ns fall@5.000ns period=10.000ns})
  Path Group:             (none)
  Path Type:              Setup (Max at Slow Process Corner)
  Data Path Delay:        4.887ns  (logic 1.451ns (29.694%)  route 3.436ns (70.306%))
  Logic Levels:           1  (IBUF=1)
  Clock Path Skew:        4.775ns (DCD - SCD + CPR)
    Destination Clock Delay (DCD):    4.775ns
    Source Clock Delay      (SCD):    0.000ns
    Clock Pessimism Removal (CPR):    0.000ns
  Clock Uncertainty:      0.025ns  ((TSJ^2 + TIJ^2)^1/2 + DJ) / 2 + PE
    Total System Jitter     (TSJ):    0.050ns
    Total Input Jitter      (TIJ):    0.000ns
    Discrete Jitter          (DJ):    0.000ns
    Phase Error              (PE):    0.000ns

    Location             Delay type                Incr(ns)  Path(ns)    Netlist Resource(s)
  -------------------------------------------------------------------    -------------------
    T17                                               0.000     0.000 r  io_btnR (IN)
                         net (fo=0)                   0.000     0.000    io_btnR
    T17                  IBUF (Prop_ibuf_I_O)         1.451     1.451 r  io_btnR_IBUF_inst/O
                         net (fo=1, routed)           3.436     4.887    gameTop/io_btnR_IBUF
    SLICE_X46Y62         FDRE                                         r  gameTop/btnRState_pipeReg_2_reg/D
  -------------------------------------------------------------------    -------------------

                         (clock sys_clk_pin rise edge)
                                                      0.000     0.000 r  
    W5                                                0.000     0.000 r  clock (IN)
                         net (fo=0)                   0.000     0.000    clock
    W5                   IBUF (Prop_ibuf_I_O)         1.388     1.388 r  clock_IBUF_inst/O
                         net (fo=1, routed)           1.862     3.250    clock_IBUF
    BUFGCTRL_X0Y0        BUFG (Prop_bufg_I_O)         0.091     3.341 r  clock_IBUF_BUFG_inst/O
                         net (fo=1123, routed)        1.434     4.775    gameTop/clock_IBUF_BUFG
    SLICE_X46Y62         FDRE                                         r  gameTop/btnRState_pipeReg_2_reg/C

Slack:                    inf
  Source:                 io_btnU
                            (input port)
  Destination:            gameTop/btnUState_pipeReg_2_reg/D
                            (rising edge-triggered cell FDRE clocked by sys_clk_pin  {rise@0.000ns fall@5.000ns period=10.000ns})
  Path Group:             (none)
  Path Type:              Setup (Max at Slow Process Corner)
  Data Path Delay:        4.885ns  (logic 1.454ns (29.762%)  route 3.431ns (70.238%))
  Logic Levels:           1  (IBUF=1)
  Clock Path Skew:        4.775ns (DCD - SCD + CPR)
    Destination Clock Delay (DCD):    4.775ns
    Source Clock Delay      (SCD):    0.000ns
    Clock Pessimism Removal (CPR):    0.000ns
  Clock Uncertainty:      0.025ns  ((TSJ^2 + TIJ^2)^1/2 + DJ) / 2 + PE
    Total System Jitter     (TSJ):    0.050ns
    Total Input Jitter      (TIJ):    0.000ns
    Discrete Jitter          (DJ):    0.000ns
    Phase Error              (PE):    0.000ns

    Location             Delay type                Incr(ns)  Path(ns)    Netlist Resource(s)
  -------------------------------------------------------------------    -------------------
    T18                                               0.000     0.000 r  io_btnU (IN)
                         net (fo=0)                   0.000     0.000    io_btnU
    T18                  IBUF (Prop_ibuf_I_O)         1.454     1.454 r  io_btnU_IBUF_inst/O
                         net (fo=1, routed)           3.431     4.885    gameTop/io_btnU_IBUF
    SLICE_X46Y62         FDRE                                         r  gameTop/btnUState_pipeReg_2_reg/D
  -------------------------------------------------------------------    -------------------

                         (clock sys_clk_pin rise edge)
                                                      0.000     0.000 r  
    W5                                                0.000     0.000 r  clock (IN)
                         net (fo=0)                   0.000     0.000    clock
    W5                   IBUF (Prop_ibuf_I_O)         1.388     1.388 r  clock_IBUF_inst/O
                         net (fo=1, routed)           1.862     3.250    clock_IBUF
    BUFGCTRL_X0Y0        BUFG (Prop_bufg_I_O)         0.091     3.341 r  clock_IBUF_BUFG_inst/O
                         net (fo=1123, routed)        1.434     4.775    gameTop/clock_IBUF_BUFG
    SLICE_X46Y62         FDRE                                         r  gameTop/btnUState_pipeReg_2_reg/C

Slack:                    inf
  Source:                 io_btnC
                            (input port)
  Destination:            gameTop/btnCState_pipeReg_2_reg/D
                            (rising edge-triggered cell FDRE clocked by sys_clk_pin  {rise@0.000ns fall@5.000ns period=10.000ns})
  Path Group:             (none)
  Path Type:              Setup (Max at Slow Process Corner)
  Data Path Delay:        4.660ns  (logic 1.441ns (30.928%)  route 3.219ns (69.072%))
  Logic Levels:           1  (IBUF=1)
  Clock Path Skew:        4.775ns (DCD - SCD + CPR)
    Destination Clock Delay (DCD):    4.775ns
    Source Clock Delay      (SCD):    0.000ns
    Clock Pessimism Removal (CPR):    0.000ns
  Clock Uncertainty:      0.025ns  ((TSJ^2 + TIJ^2)^1/2 + DJ) / 2 + PE
    Total System Jitter     (TSJ):    0.050ns
    Total Input Jitter      (TIJ):    0.000ns
    Discrete Jitter          (DJ):    0.000ns
    Phase Error              (PE):    0.000ns

    Location             Delay type                Incr(ns)  Path(ns)    Netlist Resource(s)
  -------------------------------------------------------------------    -------------------
    U18                                               0.000     0.000 r  io_btnC (IN)
                         net (fo=0)                   0.000     0.000    io_btnC
    U18                  IBUF (Prop_ibuf_I_O)         1.441     1.441 r  io_btnC_IBUF_inst/O
                         net (fo=1, routed)           3.219     4.660    gameTop/io_btnC_IBUF
    SLICE_X43Y61         FDRE                                         r  gameTop/btnCState_pipeReg_2_reg/D
  -------------------------------------------------------------------    -------------------

                         (clock sys_clk_pin rise edge)
                                                      0.000     0.000 r  
    W5                                                0.000     0.000 r  clock (IN)
                         net (fo=0)                   0.000     0.000    clock
    W5                   IBUF (Prop_ibuf_I_O)         1.388     1.388 r  clock_IBUF_inst/O
                         net (fo=1, routed)           1.862     3.250    clock_IBUF
    BUFGCTRL_X0Y0        BUFG (Prop_bufg_I_O)         0.091     3.341 r  clock_IBUF_BUFG_inst/O
                         net (fo=1123, routed)        1.434     4.775    gameTop/clock_IBUF_BUFG
    SLICE_X43Y61         FDRE                                         r  gameTop/btnCState_pipeReg_2_reg/C

Slack:                    inf
  Source:                 io_btnD
                            (input port)
  Destination:            gameTop/btnDState_pipeReg_2_reg/D
                            (rising edge-triggered cell FDRE clocked by sys_clk_pin  {rise@0.000ns fall@5.000ns period=10.000ns})
  Path Group:             (none)
  Path Type:              Setup (Max at Slow Process Corner)
  Data Path Delay:        4.660ns  (logic 1.452ns (31.171%)  route 3.207ns (68.829%))
  Logic Levels:           1  (IBUF=1)
  Clock Path Skew:        4.775ns (DCD - SCD + CPR)
    Destination Clock Delay (DCD):    4.775ns
    Source Clock Delay      (SCD):    0.000ns
    Clock Pessimism Removal (CPR):    0.000ns
  Clock Uncertainty:      0.025ns  ((TSJ^2 + TIJ^2)^1/2 + DJ) / 2 + PE
    Total System Jitter     (TSJ):    0.050ns
    Total Input Jitter      (TIJ):    0.000ns
    Discrete Jitter          (DJ):    0.000ns
    Phase Error              (PE):    0.000ns

    Location             Delay type                Incr(ns)  Path(ns)    Netlist Resource(s)
  -------------------------------------------------------------------    -------------------
    U17                                               0.000     0.000 r  io_btnD (IN)
                         net (fo=0)                   0.000     0.000    io_btnD
    U17                  IBUF (Prop_ibuf_I_O)         1.452     1.452 r  io_btnD_IBUF_inst/O
                         net (fo=1, routed)           3.207     4.660    gameTop/io_btnD_IBUF
    SLICE_X43Y61         FDRE                                         r  gameTop/btnDState_pipeReg_2_reg/D
  -------------------------------------------------------------------    -------------------

                         (clock sys_clk_pin rise edge)
                                                      0.000     0.000 r  
    W5                                                0.000     0.000 r  clock (IN)
                         net (fo=0)                   0.000     0.000    clock
    W5                   IBUF (Prop_ibuf_I_O)         1.388     1.388 r  clock_IBUF_inst/O
                         net (fo=1, routed)           1.862     3.250    clock_IBUF
    BUFGCTRL_X0Y0        BUFG (Prop_bufg_I_O)         0.091     3.341 r  clock_IBUF_BUFG_inst/O
                         net (fo=1123, routed)        1.434     4.775    gameTop/clock_IBUF_BUFG
    SLICE_X43Y61         FDRE                                         r  gameTop/btnDState_pipeReg_2_reg/C

Slack:                    inf
  Source:                 reset
                            (input port)
  Destination:            syncResetInput_REG_reg/D
                            (rising edge-triggered cell FDRE clocked by sys_clk_pin  {rise@0.000ns fall@5.000ns period=10.000ns})
  Path Group:             (none)
  Path Type:              Setup (Max at Slow Process Corner)
  Data Path Delay:        3.543ns  (logic 1.456ns (41.099%)  route 2.087ns (58.901%))
  Logic Levels:           1  (IBUF=1)
  Clock Path Skew:        4.772ns (DCD - SCD + CPR)
    Destination Clock Delay (DCD):    4.772ns
    Source Clock Delay      (SCD):    0.000ns
    Clock Pessimism Removal (CPR):    0.000ns
  Clock Uncertainty:      0.025ns  ((TSJ^2 + TIJ^2)^1/2 + DJ) / 2 + PE
    Total System Jitter     (TSJ):    0.050ns
    Total Input Jitter      (TIJ):    0.000ns
    Discrete Jitter          (DJ):    0.000ns
    Phase Error              (PE):    0.000ns

    Location             Delay type                Incr(ns)  Path(ns)    Netlist Resource(s)
  -------------------------------------------------------------------    -------------------
    R2                                                0.000     0.000 r  reset (IN)
                         net (fo=0)                   0.000     0.000    reset
    R2                   IBUF (Prop_ibuf_I_O)         1.456     1.456 r  reset_IBUF_inst/O
                         net (fo=1, routed)           2.087     3.543    reset_IBUF
    SLICE_X47Y66         FDRE                                         r  syncResetInput_REG_reg/D
  -------------------------------------------------------------------    -------------------

                         (clock sys_clk_pin rise edge)
                                                      0.000     0.000 r  
    W5                                                0.000     0.000 r  clock (IN)
                         net (fo=0)                   0.000     0.000    clock
    W5                   IBUF (Prop_ibuf_I_O)         1.388     1.388 r  clock_IBUF_inst/O
                         net (fo=1, routed)           1.862     3.250    clock_IBUF
    BUFGCTRL_X0Y0        BUFG (Prop_bufg_I_O)         0.091     3.341 r  clock_IBUF_BUFG_inst/O
                         net (fo=1123, routed)        1.431     4.772    clock_IBUF_BUFG
    SLICE_X47Y66         FDRE                                         r  syncResetInput_REG_reg/C





Min Delay Paths
--------------------------------------------------------------------------------------
Slack:                    inf
  Source:                 reset
                            (input port)
  Destination:            syncResetInput_REG_reg/D
                            (rising edge-triggered cell FDRE clocked by sys_clk_pin  {rise@0.000ns fall@5.000ns period=10.000ns})
  Path Group:             (none)
  Path Type:              Hold (Min at Fast Process Corner)
  Data Path Delay:        1.167ns  (logic 0.224ns (19.214%)  route 0.943ns (80.786%))
  Logic Levels:           1  (IBUF=1)
  Clock Path Skew:        1.952ns (DCD - SCD - CPR)
    Destination Clock Delay (DCD):    1.952ns
    Source Clock Delay      (SCD):    0.000ns
    Clock Pessimism Removal (CPR):    -0.000ns

    Location             Delay type                Incr(ns)  Path(ns)    Netlist Resource(s)
  -------------------------------------------------------------------    -------------------
    R2                                                0.000     0.000 r  reset (IN)
                         net (fo=0)                   0.000     0.000    reset
    R2                   IBUF (Prop_ibuf_I_O)         0.224     0.224 r  reset_IBUF_inst/O
                         net (fo=1, routed)           0.943     1.167    reset_IBUF
    SLICE_X47Y66         FDRE                                         r  syncResetInput_REG_reg/D
  -------------------------------------------------------------------    -------------------

                         (clock sys_clk_pin rise edge)
                                                      0.000     0.000 r  
    W5                                                0.000     0.000 r  clock (IN)
                         net (fo=0)                   0.000     0.000    clock
    W5                   IBUF (Prop_ibuf_I_O)         0.414     0.414 r  clock_IBUF_inst/O
                         net (fo=1, routed)           0.685     1.099    clock_IBUF
    BUFGCTRL_X0Y0        BUFG (Prop_bufg_I_O)         0.029     1.128 r  clock_IBUF_BUFG_inst/O
                         net (fo=1123, routed)        0.825     1.952    clock_IBUF_BUFG
    SLICE_X47Y66         FDRE                                         r  syncResetInput_REG_reg/C

Slack:                    inf
  Source:                 io_btnD
                            (input port)
  Destination:            gameTop/btnDState_pipeReg_2_reg/D
                            (rising edge-triggered cell FDRE clocked by sys_clk_pin  {rise@0.000ns fall@5.000ns period=10.000ns})
  Path Group:             (none)
  Path Type:              Hold (Min at Fast Process Corner)
  Data Path Delay:        1.647ns  (logic 0.221ns (13.394%)  route 1.426ns (86.606%))
  Logic Levels:           1  (IBUF=1)
  Clock Path Skew:        1.956ns (DCD - SCD - CPR)
    Destination Clock Delay (DCD):    1.956ns
    Source Clock Delay      (SCD):    0.000ns
    Clock Pessimism Removal (CPR):    -0.000ns

    Location             Delay type                Incr(ns)  Path(ns)    Netlist Resource(s)
  -------------------------------------------------------------------    -------------------
    U17                                               0.000     0.000 r  io_btnD (IN)
                         net (fo=0)                   0.000     0.000    io_btnD
    U17                  IBUF (Prop_ibuf_I_O)         0.221     0.221 r  io_btnD_IBUF_inst/O
                         net (fo=1, routed)           1.426     1.647    gameTop/io_btnD_IBUF
    SLICE_X43Y61         FDRE                                         r  gameTop/btnDState_pipeReg_2_reg/D
  -------------------------------------------------------------------    -------------------

                         (clock sys_clk_pin rise edge)
                                                      0.000     0.000 r  
    W5                                                0.000     0.000 r  clock (IN)
                         net (fo=0)                   0.000     0.000    clock
    W5                   IBUF (Prop_ibuf_I_O)         0.414     0.414 r  clock_IBUF_inst/O
                         net (fo=1, routed)           0.685     1.099    clock_IBUF
    BUFGCTRL_X0Y0        BUFG (Prop_bufg_I_O)         0.029     1.128 r  clock_IBUF_BUFG_inst/O
                         net (fo=1123, routed)        0.829     1.956    gameTop/clock_IBUF_BUFG
    SLICE_X43Y61         FDRE                                         r  gameTop/btnDState_pipeReg_2_reg/C

Slack:                    inf
  Source:                 io_btnC
                            (input port)
  Destination:            gameTop/btnCState_pipeReg_2_reg/D
                            (rising edge-triggered cell FDRE clocked by sys_clk_pin  {rise@0.000ns fall@5.000ns period=10.000ns})
  Path Group:             (none)
  Path Type:              Hold (Min at Fast Process Corner)
  Data Path Delay:        1.657ns  (logic 0.210ns (12.641%)  route 1.448ns (87.359%))
  Logic Levels:           1  (IBUF=1)
  Clock Path Skew:        1.956ns (DCD - SCD - CPR)
    Destination Clock Delay (DCD):    1.956ns
    Source Clock Delay      (SCD):    0.000ns
    Clock Pessimism Removal (CPR):    -0.000ns

    Location             Delay type                Incr(ns)  Path(ns)    Netlist Resource(s)
  -------------------------------------------------------------------    -------------------
    U18                                               0.000     0.000 r  io_btnC (IN)
                         net (fo=0)                   0.000     0.000    io_btnC
    U18                  IBUF (Prop_ibuf_I_O)         0.210     0.210 r  io_btnC_IBUF_inst/O
                         net (fo=1, routed)           1.448     1.657    gameTop/io_btnC_IBUF
    SLICE_X43Y61         FDRE                                         r  gameTop/btnCState_pipeReg_2_reg/D
  -------------------------------------------------------------------    -------------------

                         (clock sys_clk_pin rise edge)
                                                      0.000     0.000 r  
    W5                                                0.000     0.000 r  clock (IN)
                         net (fo=0)                   0.000     0.000    clock
    W5                   IBUF (Prop_ibuf_I_O)         0.414     0.414 r  clock_IBUF_inst/O
                         net (fo=1, routed)           0.685     1.099    clock_IBUF
    BUFGCTRL_X0Y0        BUFG (Prop_bufg_I_O)         0.029     1.128 r  clock_IBUF_BUFG_inst/O
                         net (fo=1123, routed)        0.829     1.956    gameTop/clock_IBUF_BUFG
    SLICE_X43Y61         FDRE                                         r  gameTop/btnCState_pipeReg_2_reg/C

Slack:                    inf
  Source:                 io_btnR
                            (input port)
  Destination:            gameTop/btnRState_pipeReg_2_reg/D
                            (rising edge-triggered cell FDRE clocked by sys_clk_pin  {rise@0.000ns fall@5.000ns period=10.000ns})
  Path Group:             (none)
  Path Type:              Hold (Min at Fast Process Corner)
  Data Path Delay:        1.740ns  (logic 0.219ns (12.601%)  route 1.521ns (87.399%))
  Logic Levels:           1  (IBUF=1)
  Clock Path Skew:        1.955ns (DCD - SCD - CPR)
    Destination Clock Delay (DCD):    1.955ns
    Source Clock Delay      (SCD):    0.000ns
    Clock Pessimism Removal (CPR):    -0.000ns

    Location             Delay type                Incr(ns)  Path(ns)    Netlist Resource(s)
  -------------------------------------------------------------------    -------------------
    T17                                               0.000     0.000 r  io_btnR (IN)
                         net (fo=0)                   0.000     0.000    io_btnR
    T17                  IBUF (Prop_ibuf_I_O)         0.219     0.219 r  io_btnR_IBUF_inst/O
                         net (fo=1, routed)           1.521     1.740    gameTop/io_btnR_IBUF
    SLICE_X46Y62         FDRE                                         r  gameTop/btnRState_pipeReg_2_reg/D
  -------------------------------------------------------------------    -------------------

                         (clock sys_clk_pin rise edge)
                                                      0.000     0.000 r  
    W5                                                0.000     0.000 r  clock (IN)
                         net (fo=0)                   0.000     0.000    clock
    W5                   IBUF (Prop_ibuf_I_O)         0.414     0.414 r  clock_IBUF_inst/O
                         net (fo=1, routed)           0.685     1.099    clock_IBUF
    BUFGCTRL_X0Y0        BUFG (Prop_bufg_I_O)         0.029     1.128 r  clock_IBUF_BUFG_inst/O
                         net (fo=1123, routed)        0.827     1.955    gameTop/clock_IBUF_BUFG
    SLICE_X46Y62         FDRE                                         r  gameTop/btnRState_pipeReg_2_reg/C

Slack:                    inf
  Source:                 io_btnU
                            (input port)
  Destination:            gameTop/btnUState_pipeReg_2_reg/D
                            (rising edge-triggered cell FDRE clocked by sys_clk_pin  {rise@0.000ns fall@5.000ns period=10.000ns})
  Path Group:             (none)
  Path Type:              Hold (Min at Fast Process Corner)
  Data Path Delay:        1.741ns  (logic 0.222ns (12.746%)  route 1.519ns (87.254%))
  Logic Levels:           1  (IBUF=1)
  Clock Path Skew:        1.955ns (DCD - SCD - CPR)
    Destination Clock Delay (DCD):    1.955ns
    Source Clock Delay      (SCD):    0.000ns
    Clock Pessimism Removal (CPR):    -0.000ns

    Location             Delay type                Incr(ns)  Path(ns)    Netlist Resource(s)
  -------------------------------------------------------------------    -------------------
    T18                                               0.000     0.000 r  io_btnU (IN)
                         net (fo=0)                   0.000     0.000    io_btnU
    T18                  IBUF (Prop_ibuf_I_O)         0.222     0.222 r  io_btnU_IBUF_inst/O
                         net (fo=1, routed)           1.519     1.741    gameTop/io_btnU_IBUF
    SLICE_X46Y62         FDRE                                         r  gameTop/btnUState_pipeReg_2_reg/D
  -------------------------------------------------------------------    -------------------

                         (clock sys_clk_pin rise edge)
                                                      0.000     0.000 r  
    W5                                                0.000     0.000 r  clock (IN)
                         net (fo=0)                   0.000     0.000    clock
    W5                   IBUF (Prop_ibuf_I_O)         0.414     0.414 r  clock_IBUF_inst/O
                         net (fo=1, routed)           0.685     1.099    clock_IBUF
    BUFGCTRL_X0Y0        BUFG (Prop_bufg_I_O)         0.029     1.128 r  clock_IBUF_BUFG_inst/O
                         net (fo=1123, routed)        0.827     1.955    gameTop/clock_IBUF_BUFG
    SLICE_X46Y62         FDRE                                         r  gameTop/btnUState_pipeReg_2_reg/C





